,taxonomy,A1,A10,A100,A101,A102,A104,A105,A106,A108,A109,A11,A110,A111,A112,A113,A114,A115,A116,A117,A118,A119,A12,A120,A121,A122,A123,A124,A125,A126,A128,A129,A130,A131,A132,A133,A135,A136,A137,A139,A14,A140,A141,A142,A143,A144,A145,A146,A147,A148,A149,A150,A151,A152,A153,A154,A155,A156,A157,A158,A159,A16,A160,A161,A162,A163,A164,A165,A166,A167,A168,A169,A17,A18,A19,A2,A20,A21,A22,A23,A25,A26,A27,A28,A29,A3,A31,A32,A33,A34,A35,A40,A43,A45,A46,A47,A49,A5,A50,A51,A52,A53,A54,A55,A57,A58,A59,A6,A60,A61,A62,A63,A65,A66,A67,A68,A69,A7,A70,A71,A72,A73,A75,A76,A77,A78,A8,A80,A82,A83,A84,A85,A86,A87,A88,A89,A9,A90,A91,A92,A93,A95,A97,A99,B1,B10,B100,B101,B103,B104,B105,B106,B107,B108,B109,B11,B111,B112,B113,B114,B115,B116,B117,B119,B12,B120,B122,B123,B124,B125,B126,B127,B128,B129,B13,B131,B132,B133,B134,B135,B136,B137,B138,B139,B14,B141,B142,B143,B144,B145,B147,B148,B149,B15,B150,B151,B152,B153,B154,B155,B156,B157,B158,B159,B16,B160,B161,B162,B163,B164,B165,B166,B17,B18,B19,B2,B20,B21,B22,B23,B24,B25,B26,B27,B28,B29,B3,B30,B31,B34,B35,B36,B37,B39,B4,B40,B42,B44,B45,B46,B48,B49,B5,B50,B51,B52,B54,B55,B56,B57,B58,B59,B6,B60,B61,AllAvg,TDmean,ASDmean,TD_ASDdiff,Domain,Kingdom,Phylum,Class,Order,Family,Genus,Species,Positive
39,d__Bacteria;_k__norank;_p__Firmicutes;_c__Clostridia;_o__Clostridiales;_f__Ruminococcaceae;_g__Ruminococcus_2;_s__uncultured_bacterium_g__Ruminococcus_2,7,5,38,91,26,23,124,219,30,20,292,29,40,160,21,261,5109,4689,289,328,206,158,36,49,520,75,251,48,28,151,48,28,2961,1038,227,408,552,195,1130,252,212,155,40,269,163,381,238,62,23,20,195,70,53,71,80,1472,49,77,115,78,5531,72,223,36,77,59,45,41,499,896,58,144,668,1280,220,740,175,229,15,13,74,22,11,35,9,27,244,27,30,17,38,25,234,450,404,431,7,91,20,11,151,89,239,1408,60,203,111,266,26,155,229,253,182,1806,168,257,1,27,235,398,242,1736,2246,252,2705,5,320,146,180,302,98,85,28,963,214,19,25,389,19,28,95,276,29,165,414,41,65,282,63,136,71,741,187,76,129,165,233,58,86,474,164,146,1558,7,232,292,106,99,127,225,1332,182,302,5,372,295,150,205,196,331,100,119,1842,47,100,13,6,303,73,118,78,8,60,6,8,134,209,14,66,14,192,86,10,49,44,75,169,3,10,293,86,39,44,99,12,84,131,92,168,762,87,140,177,83,103,11,431,74,152,90,674,2674,118,6,78,75,121,0,0,4,505,15,0,0,8,4,1,71,6,3,4,7,4,54,297.9325396825397,376.7762237762238,191.51351351351352,185,Bacteria,norank,Firmicutes,Clostridia,Clostridiales,Ruminococcaceae,Ruminococcus_2,uncultured_bacterium_g__Ruminococcus_2,1
47,d__Bacteria;_k__norank;_p__Bacteroidetes;_c__Bacteroidia;_o__Bacteroidales;_f__Prevotellaceae;_g__Alloprevotella;_s__uncultured_organism_g__Alloprevotella,0,0,0,0,1,0,0,0,0,0,9,0,0,62,0,51,68,70,40,0,33,1,0,0,0,0,67,1,0,48,0,0,33,71,58,3802,0,76,90,1,43,78,0,33,1,108,32,0,0,0,0,59,45,43,56,51,63,64,37,41,1,72,55,69,53,81,1226,58,46,31,79,0,786,1,0,0,0,1,3,9,8,12,10,5,0,13,10,17,6,9,12,17,324,13,14,137,0,18,12,11,11,15,17,5,5,16,0,14,0,22,10,12,19,18,12,12,0,0,8,16,10,112,12,14,873,0,10,10,14,0,0,0,1,10,22,0,0,0,0,0,0,0,0,0,95,15,11,11,11,8,14,21,14,11,1,9,8,10,7,14,49,0,0,0,0,0,0,0,0,0,0,0,0,0,0,0,0,0,0,0,0,0,0,0,100,0,0,0,0,0,0,0,47,0,0,0,0,0,0,0,0,0,0,47,0,0,0,0,0,0,76,56,1723,43,0,1,0,1,0,0,1,0,0,0,0,0,0,1,430,2,1,0,0,0,1,0,0,0,0,0,1,1,0,0,0,0,0,0,0,0,0,0,0,0,50.38095238095238,68.91608391608392,25.594594594594593,43,Bacteria,norank,Bacteroidetes,Bacteroidia,Bacteroidales,Prevotellaceae,Alloprevotella,uncultured_organism_g__Alloprevotella,1
49,d__Bacteria;_k__norank;_p__Firmicutes;_c__Negativicutes;_o__Selenomonadales;_f__Veillonellaceae;_g__Dialister;_s__unclassified_g__Dialister,127,2936,228,240,36,224,290,179,282,57,5248,798,289,1183,330,1928,393,85,144,99,97,57,261,250,401,307,1643,216,252,193,131,34,50,80,183,109,59,97,118,210,236,131,288,142,716,359,140,196,604,207,359,1570,156,198,263,118,152,729,178,202,41,513,171,89,177,107,93,3408,548,1012,300,414,73,35,2201,4326,497,442,96,71,1174,107,344,574,203,394,137,365,242,344,278,142,316,109,201,405,136,409,358,249,3818,110,112,1799,47,65,485,213,87,60,879,306,317,129,260,1015,96,93,271,1076,69,282,95,103,280,392,271,179,1777,39,117,124,167,412,83,1058,54,1707,43,623,197,179,84,151,1155,159,288,349,4606,1329,966,480,925,1550,1029,240,2416,265,1291,3649,292,368,156,384,173,1705,431,192,283,2236,2342,527,466,261,1328,3104,709,575,278,4197,225,596,1098,166,2854,415,278,203,237,461,478,667,616,223,438,870,579,441,1956,2470,426,3136,2214,6276,1814,346,952,1106,433,12031,148,269,107,169,1068,507,152,209,264,133,158,389,184,190,562,341,236,84,127,1068,1519,4614,1333,1052,1358,897,185,1120,24,83,44,312,35,217,229,1515,146,85,4898,309,83,137,1766,652,709.8492063492064,471.76223776223776,1025.5675675675675,-554,Bacteria,norank,Firmicutes,Negativicutes,Selenomonadales,Veillonellaceae,Dialister,unclassified_g__Dialister,0
65,d__Bacteria;_k__norank;_p__Bacteroidetes;_c__Bacteroidia;_o__Bacteroidales;_f__Bacteroidaceae;_g__Bacteroides;_s__Bacteroides_stercoris_ATCC_43183,347,197,314,98,895,180,1753,192,440,1367,436,888,529,449,591,721,2301,1855,230,640,1543,97,1001,376,358,125,1099,1488,961,513,939,551,247,521,263,476,862,1054,584,178,1346,533,90,189,677,737,458,471,382,1292,866,834,347,722,481,620,596,881,481,364,245,414,1380,1194,947,891,364,423,1285,223,1797,428,504,377,187,1365,699,776,283,685,1286,1177,785,511,228,411,419,845,1194,773,987,437,221,942,474,737,484,561,419,976,464,671,551,346,112,573,1219,970,120,983,819,302,246,353,405,1075,497,360,637,950,216,145,775,249,471,591,388,157,943,446,1184,415,229,560,606,291,799,675,169,351,119,117,466,179,368,220,399,135,333,149,278,308,142,585,315,175,620,286,123,151,129,301,847,183,547,530,258,286,419,219,137,499,195,709,324,165,926,499,253,488,289,89,158,549,127,120,301,708,295,1073,364,127,315,142,501,113,84,162,64,207,132,73,428,581,265,120,289,239,32,55,102,498,693,158,560,453,208,451,337,517,511,652,353,179,216,945,1687,883,342,267,931,126,180,381,415,250,98,473,98,235,458,802,316,474,3274,149,240,942,205,644,292,154,468,261,524.6269841269841,631.993006993007,383.4234234234234,248,Bacteria,norank,Bacteroidetes,Bacteroidia,Bacteroidales,Bacteroidaceae,Bacteroides,Bacteroides_stercoris_ATCC_43183,1
72,d__Bacteria;_k__norank;_p__Firmicutes;_c__Clostridia;_o__Clostridiales;_f__Lachnospiraceae;_g__Lachnospiraceae_NK4A136_group;_s__uncultured_organism_g__Lachnospiraceae_NK4A136_group,302,268,373,369,73,207,523,128,365,524,249,77,114,65,136,234,101,65,180,103,269,556,98,99,294,328,175,155,289,82,220,134,57,79,127,109,131,112,69,189,72,163,219,1238,75,337,132,205,57,346,221,217,122,283,190,239,268,183,321,196,35,97,80,69,826,452,104,193,145,128,182,46,78,44,467,31,104,161,456,70,166,479,103,101,1523,161,70,143,144,250,257,128,185,133,56,273,206,280,68,318,125,168,242,340,1391,135,380,154,125,522,212,176,155,155,121,227,871,151,368,314,150,373,220,81,309,313,372,78,326,117,294,100,71,323,149,359,140,451,218,546,266,423,605,191,467,111,396,442,388,299,237,214,337,366,810,362,445,290,184,160,192,367,312,213,291,431,164,227,453,476,968,1063,447,743,299,449,945,268,783,568,307,219,255,291,262,350,322,203,128,578,301,109,375,133,428,401,468,288,340,300,187,277,404,90,173,474,836,384,131,159,117,71,147,2658,338,259,254,394,334,394,489,323,602,303,188,487,220,140,246,312,277,264,593,517,222,136,5894,44,15,4,127,668,141,40,97,209,24,52,11,50,30,281,68,181,305.7261904761905,241.53846153846155,385.15315315315314,-144,Bacteria,norank,Firmicutes,Clostridia,Clostridiales,Lachnospiraceae,Lachnospiraceae_NK4A136_group,uncultured_organism_g__Lachnospiraceae_NK4A136_group,0
73,d__Bacteria;_k__norank;_p__Firmicutes;_c__Clostridia;_o__Clostridiales;_f__Ruminococcaceae;_g__Subdoligranulum;_s__uncultured_bacterium_g__Subdoligranulum,62,62,173,133,68,73,90,44,185,107,60,115,118,56,62,140,80,65,1585,114,66,351,279,88,204,145,75,128,183,39,75,291,80,69,158,511,147,79,51,901,68,27,99,1198,73,82,92,100,47,258,158,94,91,86,158,204,214,93,77,110,101,40,184,58,880,45,266,44,408,65,240,50,1107,54,69,53,80,174,18,27,45,102,92,95,65,109,63,181,63,162,108,175,95,139,46,49,65,103,31,89,68,142,19,26,8,38,67,16,118,58,83,57,33,54,79,39,83,32,76,53,142,71,97,34,42,184,83,6,72,63,112,96,48,69,46,156,43,109,198,56,217,374,41,73,81,63,59,218,152,135,95,61,135,189,165,211,254,43,99,138,3829,174,182,38,109,233,148,124,99,336,279,297,545,139,123,246,368,479,462,175,100,129,268,83,504,517,70,205,124,174,191,98,171,93,164,355,177,129,195,143,122,169,663,318,185,480,182,113,101,199,374,42,270,178,344,97,150,107,184,272,557,173,169,147,81,126,416,82,484,76,218,102,173,142,659,61,230,19,17,55,129,130,141,17,31,15,10,9,68,57,14,243,59,102,173.95238095238096,139.78321678321677,216.2882882882883,-77,Bacteria,norank,Firmicutes,Clostridia,Clostridiales,Ruminococcaceae,Subdoligranulum,uncultured_bacterium_g__Subdoligranulum,0
86,d__Bacteria;_k__norank;_p__Firmicutes;_c__Negativicutes;_o__Selenomonadales;_f__Veillonellaceae;_g__Megamonas;_s__unclassified_g__Megamonas,20,249,1182,141,980,119,362,280,85,560,92,322,1223,2452,1808,1139,835,377,1482,1227,158,4786,1479,1489,1223,236,257,3129,1431,101,3896,518,127,2220,9550,279,395,360,118,5023,133,72,304,2870,625,1678,123,1125,1889,758,434,126,5146,285,1010,166,990,950,131,1053,81,1492,382,316,179,86,119,75,134,105,136,82,187,417,25,230,259,1499,1179,173,75,131,90,881,552,330,1636,233,2055,490,582,363,747,432,187,497,163,216,439,163,103,44,31,61,834,147,45,29,68,82,48,1090,258,284,97,351,49,3676,143,327,132,618,201,109,711,21,147,212,99,191,85,88,106,57,18,1011,205,384,119,140,127,407,9769,158,323,49,15,659,145,27,58,200,61,17,120,261,181,546,86,22,49,41,49,310,96,38,32,71,47,80,237,214,77,83,356,54,46,292,263,365,1477,181,47,16,66,26,254,30,55,42,38,35,125,114,34,47,445,115,45,64,925,33,35,95,247,162,224,734,56,25,146,74,497,559,184,108,916,292,4458,183,1173,1254,148,438,2602,443,366,1858,174,73,131,132,133,128,95,71,1353,118,387,610,179,374,512,4565,2627,72,516,35,27,833,65,334,47,156,605.0912698412699,781.2587412587412,369.06306306306305,412,Bacteria,norank,Firmicutes,Negativicutes,Selenomonadales,Veillonellaceae,Megamonas,unclassified_g__Megamonas,1
110,d__Bacteria;_k__norank;_p__Firmicutes;_c__Clostridia;_o__Clostridiales;_f__Ruminococcaceae;_g__Subdoligranulum;_s__uncultured_Ruminococcaceae_bacterium_g__Subdoligranulum,3522,435,408,439,236,331,154,99,1308,258,267,251,429,61,707,601,85,64,254,308,627,111,1208,345,131,1691,176,796,155,47,386,890,51,190,694,100,144,264,40,314,41,31,404,107,234,211,403,155,152,356,264,288,86,195,151,111,127,422,341,211,74,120,174,54,309,266,195,50,72,89,103,62,145,346,884,71,161,625,14,162,38,140,93,246,171,184,144,331,420,50,283,231,591,63,79,116,371,113,65,166,85,16,442,375,31,327,264,102,151,975,206,302,306,194,278,3126,270,64,247,1370,282,871,183,152,241,341,204,94,318,216,449,142,111,204,72,1338,409,550,453,153,247,181,73,215,305,144,243,281,345,796,457,294,231,841,399,992,411,3104,298,208,252,837,1039,264,334,430,245,202,227,1032,514,1027,991,797,227,311,947,1220,788,283,732,292,387,147,1430,835,95,349,147,727,294,130,189,160,352,467,225,237,1372,1406,171,151,574,368,421,566,178,1295,336,142,222,48,104,121,743,164,71,131,135,134,117,514,240,167,107,1422,137,34,266,51,68,85,193,212,613,35,118,110,6,43,61,973,40,195,50,5,3,31,10,201,56,455,3,14,362.5,329.7412587412587,398.3243243243243,-69,Bacteria,norank,Firmicutes,Clostridia,Clostridiales,Ruminococcaceae,Subdoligranulum,uncultured_Ruminococcaceae_bacterium_g__Subdoligranulum,0
112,d__Bacteria;_k__norank;_p__Bacteroidetes;_c__Bacteroidia;_o__Bacteroidales;_f__Bacteroidaceae;_g__Bacteroides;_s__Bacteroides_plebeius,20,155,694,39,223,46,375,272,49,270,15,150,147,127,428,400,368,98,763,311,51,455,282,309,66,69,111,340,285,99,157,276,169,1397,133,92,233,715,125,799,88,96,32,390,437,437,41,103,1022,1861,636,532,393,1019,335,290,407,903,334,487,809,595,414,704,462,1248,2223,411,367,210,535,403,396,3814,17,899,369,1283,12,19,90,44,15,24,29,149,135,88,94,44,37,50,35,54,140,270,30,19,997,986,217,118,165,99,40,212,117,186,178,221,149,114,329,243,157,293,24,71,259,176,221,131,260,253,445,14,142,1010,1324,49,43,25,88,598,369,25,119,160,227,91,296,20,127,92,187,46,5,0,151,2,3,180,217,1,38,5,13,1,1,1,19,516,64,749,48,39,83,151,86,991,24,245,32,942,216,222,39,261,65,71,25,21,29,135,45,246,78,75,57,84,58,76,278,246,108,306,27,198,41,61,496,189,52,2637,1470,95,160,53,32,37,30,506,2225,150,71,208,251,677,166,154,239,628,191,205,320,117,333,370,3081,228,131,108,146,39,2185,244,98,114,39,48,21,41,38,265,244,52,100,105,6360,100,102,46,397,718,328.8809523809524,341.8251748251748,316.3243243243243,25,Bacteria,norank,Bacteroidetes,Bacteroidia,Bacteroidales,Bacteroidaceae,Bacteroides,Bacteroides_plebeius,1
113,d__Bacteria;_k__norank;_p__Firmicutes;_c__Clostridia;_o__Clostridiales;_f__Lachnospiraceae;_g__Roseburia;_s__unclassified_g__Roseburia,359,191,871,842,285,1915,2107,408,358,456,1912,462,3327,312,390,558,197,190,491,945,324,582,413,975,233,500,784,338,535,135,976,632,156,260,266,266,528,218,131,224,147,131,354,3292,711,580,151,1315,361,1366,499,173,112,1133,254,700,400,1343,1142,312,99,126,736,144,128,227,117,142,211,118,116,35,123,148,712,75,368,588,604,173,365,277,385,975,758,259,642,353,218,257,594,511,250,451,401,707,185,777,299,657,271,124,298,644,1799,130,435,233,163,172,276,621,157,704,74,125,155,221,156,407,275,126,285,246,515,407,574,141,540,338,1953,347,1330,186,82,1080,464,1261,364,401,545,336,765,513,438,213,807,394,624,2854,704,680,365,359,790,556,276,281,248,266,180,111,290,260,298,415,1393,189,256,546,328,686,940,924,446,351,471,688,599,217,297,142,257,105,531,206,349,433,585,590,534,6826,139,371,538,709,449,1007,1043,956,1038,423,427,108,1026,1556,348,459,188,302,298,67,213,633,215,131,126,1055,237,746,423,1375,966,323,122,188,1352,146,160,176,173,115,167,150,119,75,565,598,234,749,1274,561,701,4107,213,782,3764,362,152,365,95,454,366,400,556.3095238095239,514.4405594405595,607.1261261261261,-93,Bacteria,norank,Firmicutes,Clostridia,Clostridiales,Lachnospiraceae,Roseburia,unclassified_g__Roseburia,0
137,d__Bacteria;_k__norank;_p__Firmicutes;_c__Negativicutes;_o__Selenomonadales;_f__Veillonellaceae;_g__Megasphaera;_s__Megasphaera_elsdenii_DSM_20460,3,6,41,50,42,53,63,51,32,42,49,58,262,0,71,0,1,0,0,70,0,10,51,1388,40,20,0,52,69,40,68,45,0,21,53,0,73,0,0,6,0,0,625,1,83,49,3,40,3241,59,53,131,95,116,177,98,595,107,117,132,4,2838,2120,53,118,76,75,48,90,98,59,50,5,43,35,7,9,9,11,12,18,16,22,1299,5,24,19,23,23,25,30,24,19,11,33,18,1,11,429,10,16,10,0,15,0,1,8,1,17,0,1,95,1,0,1,0,5,37,1,1,0,0,0,18,0,2,3,243,0,32,22,41,48,0,0,196,46,109,80,44,32,41,41,3,9,96,15,27,18,18,31,82,21,21,7,18,16,18,559,25,2,2,98,421,2,1,3,94,1,15,0,2,9,2,41,0,1,313,0,2,1,351,1,3,105,75,73,201,79,84,100,66,99,472,96,114,76,70,94,124,157,57,84,69,573,82,76,103,3767,76,38,165,71,225,5,31,36,44,66,35,243,47,43,41,1695,9,588,15,35,27,25,41,41,7,31,715,103,0,1,0,0,4,152,0,44,1436,157,15,43,659,17,6,33,27,134.3531746031746,122.93706293706293,147.18018018018017,-25,Bacteria,norank,Firmicutes,Negativicutes,Selenomonadales,Veillonellaceae,Megasphaera,Megasphaera_elsdenii_DSM_20460,0
145,d__Bacteria;_k__norank;_p__Firmicutes;_c__Clostridia;_o__Clostridiales;_f__Ruminococcaceae;_g__unclassified_f__Ruminococcaceae;_s__unclassified_f__Ruminococcaceae,3,3,32,46,2,36,25,19,10,8,13,4,4,0,5,0,0,0,0,4,0,0,37,12,217,14,0,2,3,0,10,2,0,0,3,0,4,0,0,0,0,0,27,0,3,3,0,2,7,4,10,2,1,1,7,17,2,4,1,3,0,0,3,1,1,0,9,14,2,1,15,0,0,0,10,0,0,0,0,1,4,9,0,1,7,0,0,30,0,0,4,0,3,8,2,2,7,1,0,0,8,0,0,15,0,2,11,2,10,7,0,1,0,0,18,0,9,14,0,15,0,0,7,0,0,7,0,1,0,13,23,17,9,11,0,7,1,40,110,217,16,14,2,2,5,13,57,2,16,46,33,2,2,6,11,1,240,3,8,5,2,1,6,8,6,2,1,37,72,1,0,9,31,7,1,2,4,1,6,297,2,12,4,7,38,36,36,32,50,78,43,44,14,60,124,33,30,43,87,78,23,35,42,2,30,35,1731,50,28,29,11,0,3,1,60,1,3,5,11,13,2,8,10,1,2,6,3,2,16,12,2,4,19,7,1,1,7,1,2,8,28,19,2,5,3,1,1,1,0,6,3,8,0,4,21.646825396825395,9.468531468531468,36.98198198198198,-27,Bacteria,norank,Firmicutes,Clostridia,Clostridiales,Ruminococcaceae,Ruminococcaceae,unclassified_f__Ruminococcaceae,0
156,d__Bacteria;_k__norank;_p__Firmicutes;_c__Clostridia;_o__Clostridiales;_f__Lachnospiraceae;_g__[Eubacterium]_rectale_group;_s__uncultured_organism_g__[Eubacterium]_rectale_group,259,461,161,355,914,263,361,84,127,357,622,184,1091,170,402,1251,562,613,762,2752,1890,531,323,111,108,294,286,263,380,119,894,478,256,391,502,1372,152,236,141,475,164,679,256,2156,1210,860,355,133,187,635,590,419,301,91,125,234,82,215,551,60,170,299,86,32,105,156,288,278,54,384,123,92,540,169,1749,214,136,3523,273,435,284,336,162,1337,524,317,2210,390,185,245,439,464,607,168,377,1129,1115,165,213,1152,477,141,115,572,116,431,428,135,57,418,138,762,479,924,137,256,324,111,463,379,299,650,118,244,731,313,108,105,495,358,146,84,607,276,84,1450,142,1010,142,143,132,116,272,1256,2619,88,204,168,220,433,314,173,460,204,323,597,200,190,235,257,155,194,349,340,590,393,1854,139,304,367,319,313,595,1092,283,471,338,280,661,300,255,260,609,260,199,202,284,393,792,388,263,716,74,145,375,273,233,196,871,693,212,335,267,578,283,571,307,652,145,225,63,85,121,195,575,381,476,224,214,413,184,308,1001,142,604,425,183,111,757,315,140,611,159,339,1602,298,366,1095,575,256,421,724,157,254,84,102,77,72,33,157,33,827,762,81,434.76984126984127,462.02097902097904,399.4234234234234,63,Bacteria,norank,Firmicutes,Clostridia,Clostridiales,Lachnospiraceae,[Eubacterium]_rectale_group,uncultured_organism_g__[Eubacterium]_rectale_group,1
168,d__Bacteria;_k__norank;_p__Bacteroidetes;_c__Bacteroidia;_o__Bacteroidales;_f__Bacteroidaceae;_g__Bacteroides;_s__unclassified_g__Bacteroides,5149,4808,2365,2076,5701,1077,3064,3336,1954,3742,3123,3715,4093,3463,4747,1296,2790,2294,444,2415,1255,435,2811,4061,1814,2730,2831,2338,2944,3594,2878,2863,1249,1808,1020,1505,2423,1656,1895,430,1729,1682,2094,685,3617,2001,1017,2057,3846,2881,1971,3636,1835,2828,1772,3212,2160,3893,1483,1963,1339,4047,2572,3081,2781,3116,866,4718,1849,1578,3874,4022,1627,1288,2358,1807,2165,1331,847,4879,2646,3824,3888,4414,1603,4713,2061,3099,2003,3045,3932,3361,1263,3362,2855,2296,5673,3343,5352,2639,1508,2743,7110,3882,705,6635,3236,2368,3139,4443,5156,4150,5516,2895,2136,2514,2694,3909,3681,4670,3546,1639,3846,2862,2423,4016,3861,4495,3507,4043,2613,1549,2327,2550,3542,4355,4939,4064,4428,3715,3077,1143,1103,1559,2072,5566,3769,1016,2624,2313,1394,4345,3402,2606,3218,2775,2132,3746,1962,3194,633,4038,3879,4795,3695,1928,1772,4676,3255,2913,962,2513,2061,2815,3063,2337,2612,3540,2623,1844,2575,1181,2575,3321,985,3704,4025,3263,2635,3178,1619,1712,1736,4401,3458,3093,649,1556,1659,1141,2429,1952,1957,1157,2937,2151,1502,3274,844,1670,875,10928,3911,815,3037,2415,2056,2561,1688,3644,2269,3750,1634,1798,4213,2563,3386,2957,1145,5032,1690,1539,1870,2575,1283,10756,859,3144,986,1230,3686,3893,1886,3002,1648,6104,7449,2498,3532,5148,8602,2963,3696,1808,2864.3253968253966,2886.7412587412587,2833.4234234234236,53,Bacteria,norank,Bacteroidetes,Bacteroidia,Bacteroidales,Bacteroidaceae,Bacteroides,unclassified_g__Bacteroides,1
186,d__Bacteria;_k__norank;_p__Fusobacteria;_c__Fusobacteriia;_o__Fusobacteriales;_f__Fusobacteriaceae;_g__Fusobacterium;_s__Fusobacterium_mortiferum,35,1,98,7,28,13,3,49,16,2,10,34,4,48,2,8,2,24,3,4,2,0,29,14,35,22,50,1,5,1,2,0,4,2,4,5,15,8,8,1,3,2,28,2,6,0,3,10,3,1,3,28,12,78,10,15,13,20,16,12,1,6,53,11,12,12,49,8,13,10,6,0,1,0,2,1,13,1,4,24,5,5,48,3,3,11,8,27,6,5,5,3,10,36,16,3,16,26,4,4,3,35,49,4,7,17,0,2,812,2,45,5,3,4,15,5,0,24,0,2,1,1,19,6,3,33,25,5,3,32,201,13,19,3,27,2,39,6,15,26,18,17,4,3,0,0,3,0,8,0,0,9,2,0,18,0,1,0,0,0,99,16,0,1,0,0,0,0,8,0,1,9,0,2,8,2,0,0,0,3,1,0,1,51,211,23,2,1,1,12,1,1,145,0,2,0,1,73,2,0,158,1,1,5,3,4,3,2,2,0,6837,152,28,6,17,4,5,25,1,3,2,5,6,2,11,0,33,4,32,2,0,2,92,1,1,102,0,10,4,4,6,0,4,4,4,14,830,18,2,10,0,4,1,6,47.91269841269841,20.18881118881119,82.82882882882883,-62,Bacteria,norank,Fusobacteria,Fusobacteriia,Fusobacteriales,Fusobacteriaceae,Fusobacterium,Fusobacterium_mortiferum,0
196,d__Bacteria;_k__norank;_p__Bacteroidetes;_c__Bacteroidia;_o__Bacteroidales;_f__Bacteroidaceae;_g__Bacteroides;_s__unclassified_g__Bacteroides,147,234,59,142,573,112,139,97,58,218,26,92,78,40,300,32,35,46,20,104,27,6,92,43,77,75,38,163,256,46,129,106,24,98,64,43,90,302,176,13,47,49,41,12,122,84,25,74,98,264,275,12,12,34,16,208,15,192,26,8,4,15,15,61,39,101,44,293,11,8,35,13,12,60,34,9,7,7,193,364,7,93,16,11,288,154,15,23,43,128,68,7,6,15,27,7,435,15,7,155,106,111,303,129,915,596,74,117,94,237,140,90,348,124,93,191,107,42,307,207,117,97,154,117,117,57,136,93,304,259,72,33,66,322,332,38,209,128,57,183,41,43,321,29,47,62,184,18,39,138,101,125,44,65,44,69,81,68,28,232,8,100,71,37,219,39,34,43,126,28,29,43,115,165,79,27,86,31,66,62,72,17,137,159,57,192,88,122,196,171,56,99,24,121,213,81,36,64,153,149,110,62,118,10,61,89,94,154,34,148,24,26,34,11,50,34,64,69,42,304,59,252,59,34,69,101,70,107,106,434,56,29,68,143,50,86,37,47,30,37,288,117,51,158,61,10,16,42,10,25,13,48,20,23,102.16666666666667,115.42657342657343,83.63063063063063,32,Bacteria,norank,Bacteroidetes,Bacteroidia,Bacteroidales,Bacteroidaceae,Bacteroides,unclassified_g__Bacteroides,1
203,d__Bacteria;_k__norank;_p__Firmicutes;_c__Clostridia;_o__Clostridiales;_f__Ruminococcaceae;_g__Ruminococcaceae_UCG-005;_s__uncultured_organism_g__Ruminococcaceae_UCG-005,19,19,166,40,14,34,55,39,118,12,9,3,10,1,1,21,3,3,3,16,7,13,2,17,13,29,38,7,11,0,170,26,0,2,9,2,4,3,1,11,2,2,90,15,24,6,15,1,2,10,15,9,7,12,218,31,18,15,14,33,7,12,16,7,11,10,69,9,21,11,9,11,10,2,12,10,40,23,8,8,11,11,6,14,24,6,9,5,5,6,208,61,24,11,28,9,19,5,8,7,10,5,2,6,6,27,38,9,87,9,5,6,1,9,3,1,15,22,4,145,30,31,4,25,5,22,2,2,4,98,11,52,25,10,3,26,4,7,65,22,25,49,5,20,19,39,15,34,90,22,38,31,32,64,17,17,13,36,68,28,52,303,39,12,162,90,31,85,37,34,100,153,55,27,46,90,122,21,41,41,54,75,71,16,73,167,21,32,91,23,126,26,20,67,35,37,76,92,64,49,35,51,104,10,25,30,23,61,54,52,46,4,13,16,34,3,5,5,165,35,5,0,3,14,3,18,6,2,97,1,7,3,6,19,5,6,6,35,10,375,126,394,24,26,16,0,0,0,0,0,4,49,0,34,34.04761904761905,22.447552447552447,48.68468468468468,-26,Bacteria,norank,Firmicutes,Clostridia,Clostridiales,Ruminococcaceae,Ruminococcaceae_UCG-005,uncultured_organism_g__Ruminococcaceae_UCG-005,0
223,d__Bacteria;_k__norank;_p__Firmicutes;_c__Clostridia;_o__Clostridiales;_f__Ruminococcaceae;_g__Ruminococcaceae_UCG-005;_s__uncultured_organism_g__Ruminococcaceae_UCG-005,4,8,9,20,7,19,25,11,9,7,18,5,17,1,11,27,7,2,14,9,5,11,15,10,10,7,12,11,14,0,12,9,2,12,5,17,9,4,2,15,1,1,75,14,25,35,5,8,7,14,26,8,2,5,312,7,13,7,5,23,0,4,10,2,6,7,17,3,10,7,23,2,10,7,9,6,6,23,16,12,35,9,8,23,5,10,9,25,15,16,13,10,24,12,14,31,13,17,9,26,22,11,5,7,3,5,45,20,13,3,1,10,6,7,6,13,2,5,22,11,5,6,3,11,20,9,9,3,13,61,8,12,10,18,1,15,8,5,17,69,11,25,4,7,18,19,42,20,10,10,35,18,17,13,21,10,22,15,70,37,30,57,21,3,92,28,5,27,70,17,51,22,17,18,14,20,21,9,18,29,12,41,38,3,33,18,10,5,53,11,23,5,8,15,56,11,21,6,20,35,14,17,5,3,6,13,18,10,32,27,34,4,6,17,12,1,4,1,267,6,10,1,5,18,1,17,8,1,19,1,2,5,6,8,2,0,22,87,43,1508,112,6,83,103,24,1,4,0,1,14,3,6,2,13,24.063492063492063,14.468531468531468,36.126126126126124,-22,Bacteria,norank,Firmicutes,Clostridia,Clostridiales,Ruminococcaceae,Ruminococcaceae_UCG-005,uncultured_organism_g__Ruminococcaceae_UCG-005,0
299,d__Bacteria;_k__norank;_p__Bacteroidetes;_c__Bacteroidia;_o__Bacteroidales;_f__Bacteroidaceae;_g__Bacteroides;_s__Bacteroides_fragilis_g__Bacteroides,850,931,933,1088,1966,776,1076,1073,1544,1389,577,840,606,1166,955,462,1245,797,328,700,415,177,930,744,630,1189,1725,1372,845,936,587,1076,422,1077,631,1223,1164,1996,1345,260,4096,2545,724,331,935,909,422,514,771,944,641,2068,1274,1148,413,862,2375,768,706,914,402,453,413,1803,666,1109,380,677,1999,1178,850,848,1427,688,472,814,1307,435,1705,1550,793,1305,843,558,2751,851,479,875,1080,771,689,1054,815,1381,643,970,1888,704,991,779,368,937,1156,887,4605,2343,1102,940,2014,1673,1244,666,1167,848,683,1545,898,2076,1089,1000,1367,1149,1736,770,1244,996,960,1009,1147,1330,1187,1118,2515,757,1406,603,796,927,1816,911,1443,494,2269,450,923,2510,1088,530,1093,1479,1218,1598,1126,2239,812,1479,955,1117,817,1228,887,2139,1029,992,1082,1237,1766,2024,787,1229,419,828,1100,827,957,669,1823,710,1186,722,638,438,772,1197,1141,2192,2112,838,928,1287,1176,1808,637,1890,891,1286,302,572,1007,897,790,565,2183,809,597,1131,583,841,320,539,1086,1873,761,472,925,1608,1841,1253,518,1173,3074,962,985,1048,724,1362,787,2212,796,1131,2070,1343,818,702,1266,2164,619,2092,947,546,1624,813,2745,1022,463,669,810,2474,1469,1338,2646,1011,2819,1332,1125.702380952381,1090.86013986014,1187.7027027027027,-97,Bacteria,norank,Bacteroidetes,Bacteroidia,Bacteroidales,Bacteroidaceae,Bacteroides,Bacteroides_fragilis_g__Bacteroides,0
333,d__Bacteria;_k__norank;_p__Bacteroidetes;_c__Bacteroidia;_o__Bacteroidales;_f__Bacteroidales_S24-7_group;_g__norank_f__Bacteroidales_S24-7_group;_s__uncultured_bacterium_g__norank_f__Bacteroidales_S24-7_group,1,3,36,0,20,0,265,0,0,1,21,1,1,2,0,3,1,1,0,0,2,0,0,0,0,0,5,0,0,2,0,0,4,2,0,36,0,4,1,0,2,1,0,3,1,0,0,0,3,0,77,0,0,0,0,0,0,0,0,0,0,0,0,0,0,0,0,0,0,0,0,0,29,0,1,0,0,0,14,49,3276,26,20,19,2,32,30,29,23,24,15,38,19,33,22,27,70,23,38,26,405,45,0,1,0,30,260,145,0,3,0,0,0,0,0,1,0,0,1,0,0,0,0,1,1,0,0,0,0,0,0,0,1,95,0,0,0,0,15,0,0,39,1,2,1,23,1,30,48,0,0,0,0,0,2,0,0,0,0,0,0,0,0,4,0,1,0,10,0,0,32,45,0,2,0,0,0,0,0,1,0,0,0,2,4,9,7,9,8,4,8,6,0,66,9,7,147,131,5,5,5,3,3,0,6,6,8,9,1,4,0,0,0,0,3,0,0,0,0,0,0,0,0,0,0,2,0,0,0,0,0,0,0,0,0,0,0,0,0,0,0,2,0,0,111,0,0,0,0,0,0,2,0,0,24.69047619047619,37.95804195804196,7.153153153153153,30,Bacteria,norank,Bacteroidetes,Bacteroidia,Bacteroidales,Bacteroidales_S24-7_group,Bacteroidales_S24-7_group,uncultured_bacterium_g__norank_f__Bacteroidales_S24-7_group,1
343,d__Bacteria;_k__norank;_p__Bacteroidetes;_c__Bacteroidia;_o__Bacteroidales;_f__Bacteroidaceae;_g__Bacteroides;_s__Bacteroides_eggerthii,24,23,257,17,92,30,78,25,73,12,2,143,9,11,38,13,7,5,4,7,2,0,6,17,28,23,5,328,15,6,16,12,4,4,5,9,16,9,1,2,9,8,315,4,8,13,22,8,14,38,34,5,18,15,12,9,10,11,4,16,3,15,6,15,5,8,106,9,13,339,13,1,2,0,6,1,0,6,0,52,57,3,137,1,20,12,2,2,289,2,1,3,0,5,5,4,84,3,2,22,12,4,48,36,26,157,74,96,100,78,299,39,92,35,44,379,11,34,54,48,55,37,63,37,48,155,60,42,82,38,17,26,23,71,66,18,14,13,30,18,44,13,13,12,13,27,19,7,291,7,26,23,25,93,21,17,21,23,170,230,47,198,100,14,79,76,55,102,74,87,38,490,48,43,108,63,166,72,81,75,56,111,360,24,1,84,6,24,1,3,3,0,2,3,6,19,0,165,1,9,3,0,60,5,4,1,7,6,69,112,12,6,5,4,20,28,49,32,25,39,31,44,36,43,34,303,45,64,152,43,44,358,44,12,33,28,18,0,6,5,4,14,0,0,28,30,40,58,37,209,56,24,738,230,48.02777777777778,40.93706293706294,65.01801801801801,-25,Bacteria,norank,Bacteroidetes,Bacteroidia,Bacteroidales,Bacteroidaceae,Bacteroides,Bacteroides_eggerthii,0
346,d__Bacteria;_k__norank;_p__Bacteroidetes;_c__Bacteroidia;_o__Bacteroidales;_f__Bacteroidaceae;_g__Bacteroides;_s__Bacteroides_dorei,209,391,425,1967,579,1154,1342,599,425,1517,1238,1022,276,912,551,526,800,718,267,485,2257,112,417,470,1011,1515,1662,335,311,2810,336,2113,448,1450,539,553,242,1931,8753,147,1371,6529,1108,302,288,1860,357,451,271,312,614,793,2278,355,373,677,481,440,609,978,227,499,399,1648,412,679,367,3421,467,1390,1785,2115,315,825,557,233,1054,292,320,902,1390,2058,1388,574,158,972,640,758,599,607,854,2918,899,628,492,2971,442,1053,761,604,671,2101,796,1378,208,1023,1149,1293,1832,2053,1703,437,904,729,453,601,828,604,638,772,2810,1098,609,410,2595,936,1073,480,567,691,2653,807,990,936,2674,171,326,1245,754,1306,2572,766,196,256,1829,896,1165,602,472,2733,1483,807,1771,538,622,1622,1486,1680,1095,477,103,1861,349,220,308,811,428,399,695,1494,472,239,1426,162,261,855,272,224,1188,857,895,457,176,1717,325,2724,587,610,487,2874,882,694,2615,698,1151,1816,457,313,1715,1271,524,899,447,1487,447,2005,894,1548,495,268,270,829,427,759,323,783,3634,620,555,1115,876,788,972,1246,915,259,932,2332,878,4836,695,1616,3158,187,1954,1546,1021,468,951,195,414,314,239,214,154,151,241,4040,436,336,288,1844,714,2089,1016.7460317460317,1040.3706293706293,993.2432432432432,47,Bacteria,norank,Bacteroidetes,Bacteroidia,Bacteroidales,Bacteroidaceae,Bacteroides,Bacteroides_dorei,1
349,d__Bacteria;_k__norank;_p__Bacteroidetes;_c__Bacteroidia;_o__Bacteroidales;_f__Bacteroidaceae;_g__Bacteroides;_s__Bacteroides_coprocola_DSM_17136,129,439,186,144,221,723,214,870,214,862,294,621,248,4902,602,609,363,301,474,138,223,235,906,147,2288,1805,357,273,817,372,638,305,913,2427,178,351,524,1678,484,528,342,481,1232,285,315,169,157,161,259,222,1097,251,664,235,178,281,896,268,228,2663,1391,1129,303,2980,1027,2744,930,309,304,151,391,585,477,2182,75,413,435,707,411,410,411,1204,872,499,403,833,288,1407,412,1041,1086,603,341,918,461,433,163,508,656,460,951,1096,78,48,139,110,211,103,940,824,747,155,445,63,525,151,537,212,703,669,174,190,526,157,81,597,196,149,79,410,155,115,626,1029,632,246,145,164,393,257,162,123,383,74,149,406,239,131,179,141,913,1108,219,213,206,2511,1421,162,1955,112,131,1692,644,231,547,347,769,752,431,353,223,392,309,155,1645,391,469,308,3489,1701,284,883,269,655,136,2160,225,294,273,209,132,474,239,487,266,183,81,139,143,781,793,168,248,297,133,1596,1123,173,517,86,82,425,311,122,830,281,989,312,270,458,1151,440,391,2415,1288,202,547,3473,1666,637,372,244,455,558,502,662,203,114,233,113,198,657,609,144,733,79,195,164,124,147,505,247,150,148,581.5436507936508,590.4615384615385,562.2612612612612,28,Bacteria,norank,Bacteroidetes,Bacteroidia,Bacteroidales,Bacteroidaceae,Bacteroides,Bacteroides_coprocola_DSM_17136,1
356,d__Bacteria;_k__norank;_p__Proteobacteria;_c__Gammaproteobacteria;_o__Enterobacteriales;_f__Enterobacteriaceae;_g__Escherichia-Shigella;_s__Escherichia_coli_g__Escherichia-Shigella,5865,196,81,93,172,83,46,290,109,71,1854,2966,84,195,54,121,288,157,565,184,80,95,163,109,65,2578,139,111,70,1909,78,73,77,83,91,130,160,98,901,255,3051,502,109,340,172,66,61,58,28,39,232,1880,558,559,357,134,298,752,298,209,359,162,139,467,609,339,58,1067,179,272,238,2707,570,51,4910,189,135,116,350,317,206,897,844,315,2449,179,2448,435,237,534,514,310,314,769,177,225,2400,165,136,120,4621,94,219,364,722,141,187,25,260,67,246,65,25,149,106,144,135,192,80,80,59,117,122,59,41,480,75,16,20,58,204,121,691,199,24,236,237,453,230,199,87,145,174,424,277,890,1816,535,224,359,581,329,221,259,534,913,358,251,635,1416,111,74,83,136,59,212,148,344,163,204,304,111,263,111,115,167,181,162,362,131,240,123,335,141,217,110,1796,156,74,191,247,125,726,3051,233,174,908,85,170,147,138,89,656,752,181,338,118,176,88,498,143,82,249,132,1241,10980,782,1115,256,254,455,340,394,730,268,1078,609,262,141,558,186,360,350,200,1676,207,188,4441,5041,446,335,337,3346,715,2159,389,314,253,277,719,442,482,709,295,547.6071428571429,484.74825174825173,627.7657657657658,-143,Bacteria,norank,Proteobacteria,Gammaproteobacteria,Enterobacteriales,Enterobacteriaceae,Escherichia-Shigella,Escherichia_coli_g__Escherichia-Shigella,0
373,d__Bacteria;_k__norank;_p__Firmicutes;_c__Clostridia;_o__Clostridiales;_f__Ruminococcaceae;_g__Ruminococcus_1;_s__Ruminococcus_bicirculans,282,134,104,105,105,44,376,232,437,146,79,58,153,184,126,87,46,39,78,127,488,205,573,67,471,49,252,309,321,35,245,79,89,45,206,49,186,101,41,171,37,31,103,218,113,190,153,380,51,105,192,422,65,142,122,143,76,516,455,87,131,63,57,31,165,87,94,90,163,93,690,43,89,45,100,45,193,123,42,72,283,131,66,82,153,73,60,474,233,288,288,72,223,201,66,219,122,479,61,75,110,40,350,121,50,122,462,259,20,205,118,190,139,184,351,324,112,46,419,432,132,406,292,94,220,116,546,99,156,86,25,134,143,271,77,186,270,117,140,495,232,157,55,115,248,146,546,209,233,241,202,459,557,1280,696,139,743,242,163,563,171,130,313,94,256,407,251,227,605,443,423,347,240,130,715,581,1044,213,204,1570,203,143,496,68,192,56,122,196,76,62,235,147,78,127,872,305,152,135,150,103,283,304,679,60,111,83,680,208,79,249,72,149,67,129,662,260,49,94,90,140,62,486,448,55,49,425,53,36,117,88,139,55,77,347,70,138,118,274,28,81,157,412,59,344,16,18,14,40,27,14,8,106,13,8,210.18253968253967,175.47552447552448,251.2972972972973,-76,Bacteria,norank,Firmicutes,Clostridia,Clostridiales,Ruminococcaceae,Ruminococcus_1,Ruminococcus_bicirculans,0
376,d__Bacteria;_k__norank;_p__Firmicutes;_c__Clostridia;_o__Clostridiales;_f__Lachnospiraceae;_g__[Eubacterium]_eligens_group;_s__uncultured_bacterium_g__[Eubacterium]_eligens_group,831,332,708,731,287,400,331,402,495,361,112,498,498,1392,326,393,545,315,312,518,1148,198,1047,4377,391,500,1190,594,982,140,255,901,186,308,417,226,276,385,284,308,606,820,592,478,499,601,827,302,211,610,406,354,103,2047,177,205,180,441,168,145,119,152,544,171,159,281,110,77,553,112,111,85,181,244,187,679,727,242,378,139,204,248,318,348,830,180,312,802,382,683,169,774,382,244,253,566,317,347,196,529,186,275,1218,202,286,235,387,204,220,335,530,368,274,467,531,639,284,730,849,285,755,490,360,316,564,570,433,202,482,693,616,643,798,359,380,589,811,298,617,607,887,412,713,329,665,155,237,119,390,259,203,207,144,258,554,453,251,347,218,317,561,162,662,287,368,423,570,230,335,404,228,458,371,530,204,178,446,904,444,224,611,194,607,425,855,99,360,461,202,294,279,302,212,183,669,328,88,198,262,191,127,97,299,136,781,289,163,494,126,210,3021,612,999,900,1158,337,184,1865,313,367,289,626,321,201,214,712,904,250,213,152,586,165,341,1032,199,601,1132,938,283,761,898,324,558,1157,186,173,127,259,78,206,61,1107,1368,370,458.54761904761904,476.27272727272725,443.1081081081081,33,Bacteria,norank,Firmicutes,Clostridia,Clostridiales,Lachnospiraceae,[Eubacterium]_eligens_group,uncultured_bacterium_g__[Eubacterium]_eligens_group,1
385,d__Bacteria;_k__norank;_p__Bacteroidetes;_c__Bacteroidia;_o__Bacteroidales;_f__Porphyromonadaceae;_g__Barnesiella;_s__uncultured_organism_g__Barnesiella,3,10,23,7,29,23,62,30,287,30,27,16,13,5,49,44,3,4,1,103,4,54,28,17,18,30,3,37,44,2,23,31,6,32,13,194,36,4,7,22,4,4,20,22,21,343,6,20,23,39,118,9,18,20,15,27,17,13,20,97,35,21,14,29,484,115,23,24,19,15,29,52,978,116,19,36,58,166,2,1,20,2,0,0,2,12,34,1,1,0,2,1,2,21,0,106,2,1,15,2,44,2,12,33,3,19,51,19,28,9,9,8,22,59,5,19,3,21,6,10,9,11,39,6,116,2,10,15,9,28,7,41,17,229,16,1,25,123,22,577,20,17,11,35,85,2,93,2,4,3,5,14,0,51,1,23,2,3,0,3,0,8,0,5,2,40,0,2,97,1,0,1,0,5,7,3,50,1,5,1,1,0,0,1,9,9,6,11,9,7,105,11,10,13,117,10,2,6,4,12,15,4,42,14,6,18,8,3,4,11,7,16,16,8,2,0,0,0,0,0,0,0,0,48,0,3,0,0,7,0,2,1,0,1,0,1,1,0,0,0,0,2,0,0,3,2,1,11,5,2,3,5,5,199,30.126984126984127,44.91608391608391,12.36936936936937,32,Bacteria,norank,Bacteroidetes,Bacteroidia,Bacteroidales,Porphyromonadaceae,Barnesiella,uncultured_organism_g__Barnesiella,1
394,d__Bacteria;_k__norank;_p__Bacteroidetes;_c__Bacteroidia;_o__Bacteroidales;_f__Prevotellaceae;_g__Prevotella_2;_s__uncultured_bacterium_g__Prevotella_2,2,0,0,0,1,0,0,0,1,0,1,0,265,0,0,0,0,0,0,0,0,0,1,0,0,0,0,0,0,0,0,0,0,0,0,0,0,0,0,0,0,0,3,0,2,0,0,3,0,0,1,3,0,0,0,0,0,0,0,0,0,1,0,0,0,0,2,0,0,0,0,0,0,0,0,0,0,0,0,0,1,2,0,268,0,1,0,1,0,0,0,0,1,0,0,1,0,1,1,0,0,0,22,21,4,34,0,30,0,33,24,6430,20,35,14,19,0,0,22,13,25,15,17,21,24,0,32,13,36,0,0,0,0,30,23,276,1,0,1,0,0,0,0,3,1,0,0,0,0,0,0,0,0,0,0,0,0,0,0,0,0,1,0,1,0,0,0,0,0,0,0,0,0,0,0,0,0,0,0,0,0,0,0,2,0,0,0,0,0,0,0,2,0,0,0,0,0,3,0,0,0,0,0,0,0,0,0,0,0,0,0,0,0,0,0,0,0,0,0,0,0,0,0,0,0,0,0,0,2,0,0,0,0,0,0,0,0,0,0,0,0,0,0,0,0,0,0,0,0,0,0,0,0,0,31.003968253968253,54.53146853146853,0.13513513513513514,54,Bacteria,norank,Bacteroidetes,Bacteroidia,Bacteroidales,Prevotellaceae,Prevotella_2,uncultured_bacterium_g__Prevotella_2,1
541,d__Bacteria;_k__norank;_p__Proteobacteria;_c__Gammaproteobacteria;_o__Enterobacteriales;_f__Enterobacteriaceae;_g__unclassified_f__Enterobacteriaceae;_s__unclassified_f__Enterobacteriaceae,86,99,3,7,12,2,8,24,20,10,1886,5,8,30,14,14,8,6,9,48,69,49,5,71,9,10,273,18,12,13,20,18,5,2,129,5,8,9,329,55,193,25,6,13,22,8,10,7,59,5,9,52,123,62,34,28,25,24,32,19,30,21,41,42,46,13,22,21,15,138,155,105,42,32,6113,39,4583,38,165,113,43,133,77,57,136,36,1009,74,84,48,70,74,255,66,249,47,89,40,1026,32,39,23,4,225,74,11,86,8,7,3,6,8,11,34,8,17,46,30,8,22,16,156,8,12,4,82,9,28,6,31,129,16,18,4,3,104,1,291,2,43,70,19,28,98,86,24,149,160,17,45,22,120,30,46,74,30,42,34,41,330,22,27,66,132,62,67,61,31,55,144,40,22,39,49,56,34,60,106,24,103,114,43,492,59,71,36,373,120,130,60,58,48,85,45,474,118,53,21,44,47,42,27,161,130,760,53,45,42,15,74,10,14,20,1054,97,79,198,129,52,56,47,47,74,53,41,284,261,207,58,73,37,130,75,78,639,20,207,87,844,109,47,207,81,64,141,128,159,47,148,108,25,57,91,38,134.97222222222223,149.1818181818182,115.3963963963964,34,Bacteria,norank,Proteobacteria,Gammaproteobacteria,Enterobacteriales,Enterobacteriaceae,Enterobacteriaceae,unclassified_f__Enterobacteriaceae,1
549,d__Bacteria;_k__norank;_p__Firmicutes;_c__Clostridia;_o__Clostridiales;_f__Lachnospiraceae;_g__[Eubacterium]_eligens_group;_s__uncultured_bacterium_g__[Eubacterium]_eligens_group,676,130,128,412,125,148,115,100,108,277,51,608,175,697,153,229,375,128,160,376,159,121,412,969,143,114,182,173,310,64,109,305,63,104,96,123,128,129,112,140,354,337,176,303,337,290,163,66,109,253,129,65,45,282,75,135,43,391,72,63,48,89,43,58,110,393,33,32,226,52,69,50,105,57,40,684,135,165,91,56,69,231,229,111,182,65,358,269,129,203,58,253,67,89,157,220,88,62,72,125,62,105,1794,157,112,176,87,129,49,298,411,209,203,545,232,267,200,219,375,205,361,244,227,241,389,314,184,119,294,280,142,157,250,203,250,144,637,141,144,92,233,100,214,244,266,44,31,42,107,133,82,89,51,74,83,67,136,90,77,91,162,40,86,84,204,116,316,63,45,115,62,127,192,163,85,60,154,223,103,111,75,60,171,155,246,20,80,45,144,74,60,127,67,25,28,66,27,55,110,74,40,17,70,52,168,50,77,85,37,48,706,354,59,183,389,53,55,198,78,151,58,428,87,52,90,176,65,58,49,25,244,48,74,273,73,254,237,91,46,87,209,90,91,520,117,56,38,90,22,74,20,300,341,73,168.73809523809524,206.87412587412587,120.29729729729729,86,Bacteria,norank,Firmicutes,Clostridia,Clostridiales,Lachnospiraceae,[Eubacterium]_eligens_group,uncultured_bacterium_g__[Eubacterium]_eligens_group,1
556,d__Bacteria;_k__norank;_p__Bacteroidetes;_c__Bacteroidia;_o__Bacteroidales;_f__Bacteroidaceae;_g__Bacteroides;_s__Bacteroides_massiliensis,100,42,51,218,87,71,62,450,54,94,141,66,51,531,72,217,69,37,136,161,48,10,89,145,618,93,75,850,73,57,147,77,27,190,32,31,62,87,61,134,48,93,66,12,94,184,502,129,288,274,139,218,203,903,230,260,225,227,155,443,69,825,765,1414,214,886,238,274,220,141,830,93,93,185,17,73,96,236,129,212,168,217,164,133,34,167,187,202,949,197,300,199,96,169,142,359,40,273,473,364,152,200,160,7,8,8,38,14,80,16,13,6,11,129,36,842,27,118,24,145,15,14,10,21,147,39,139,219,223,773,53,44,132,73,10,24,159,72,112,86,78,45,52,57,138,114,74,53,73,229,127,526,100,76,123,95,731,71,51,65,39,176,381,313,682,132,126,158,125,100,72,85,287,186,463,110,139,176,141,651,83,60,90,47,2,0,44,190,390,0,0,16,170,2,0,2,0,0,111,39,263,3,1,226,41,0,424,1,0,1,51,351,1300,74,47,113,199,767,166,248,157,162,125,338,748,817,985,1251,256,229,145,106,147,33,165,287,72,164,120,144,319,161,172,207,179,124,2898,277,602,2989,271,31,246,212,214.97619047619048,186.8951048951049,251.40540540540542,-65,Bacteria,norank,Bacteroidetes,Bacteroidia,Bacteroidales,Bacteroidaceae,Bacteroides,Bacteroides_massiliensis,0
571,d__Bacteria;_k__norank;_p__Firmicutes;_c__Clostridia;_o__Clostridiales;_f__Christensenellaceae;_g__Christensenellaceae_R-7_group;_s__uncultured_Christensenellaceae_bacterium,65,67,1628,87,177,106,14,164,608,33,195,90,206,281,27,233,30,33,47,39,167,56,334,236,200,82,34,23,26,23,25,80,26,66,49,89,47,36,29,125,26,17,489,86,30,114,99,56,16,17,299,307,39,43,161,232,47,220,57,62,18,40,38,19,57,27,212,28,36,53,41,19,96,44,109,23,24,160,26,179,20,41,88,265,82,59,39,294,36,34,51,168,83,98,39,73,278,107,42,28,147,67,51,93,22,1531,60,37,85,47,139,228,51,75,188,38,61,86,44,60,97,186,114,31,87,245,102,36,31,1701,88,182,109,540,52,1222,40,79,1526,141,84,101,19,61,110,240,79,82,354,42,52,131,189,273,160,63,238,30,390,307,152,239,151,58,571,306,182,1446,202,141,172,1368,150,62,347,245,1406,956,184,461,92,286,318,89,534,209,99,151,821,213,509,106,235,354,276,115,104,407,116,140,176,390,414,30,280,106,250,89,198,243,159,20,51,135,1197,179,62,73,146,303,95,182,81,55,65,74,59,33,516,40,56,70,355,57,60,20,207,113,2,47,190,95,12,88,57,20,5,5,7,15,3,165,118,10,180.63888888888889,149.62937062937064,218.48648648648648,-69,Bacteria,norank,Firmicutes,Clostridia,Clostridiales,Christensenellaceae,Christensenellaceae_R-7_group,uncultured_Christensenellaceae_bacterium,0
577,d__Bacteria;_k__norank;_p__Firmicutes;_c__Clostridia;_o__Clostridiales;_f__Ruminococcaceae;_g__[Eubacterium]_coprostanoligenes_group;_s__gut_metagenome_g__[Eubacterium]_coprostanoligenes_group,386,99,149,918,92,222,307,187,193,99,68,167,680,143,82,181,161,130,4238,110,242,516,111,298,164,121,1430,477,264,127,361,81,940,189,180,495,814,457,492,1821,146,124,168,1085,174,81,158,64,166,117,502,571,69,114,105,140,70,498,717,110,3902,268,71,53,319,81,209,57,105,89,80,132,490,150,89,125,568,221,49,40,217,69,124,583,154,42,64,58,313,182,388,71,298,563,80,62,103,59,134,49,709,41,694,165,123,124,325,340,36,152,258,638,122,159,112,485,69,53,525,559,144,332,674,133,144,225,165,192,132,250,224,536,58,547,81,1065,333,127,50,65,244,362,98,86,98,50,52,813,153,549,305,375,692,241,110,159,195,213,184,474,162,107,484,199,1070,1229,104,115,124,391,591,317,709,112,271,951,328,395,248,299,348,179,586,78,482,283,359,453,535,706,3637,248,83,200,342,1257,847,333,1516,1060,416,1706,561,56,522,427,499,566,345,2527,129,56,165,123,123,349,54,57,69,126,60,383,896,65,195,1065,73,44,279,36,68,70,76,252,58,35,86,280,0,1,61,828,0,209,5,11,10,1,13,219,7,98,11,409,344.4404761904762,321.34265734265733,371.77477477477476,-50,Bacteria,norank,Firmicutes,Clostridia,Clostridiales,Ruminococcaceae,[Eubacterium]_coprostanoligenes_group,gut_metagenome_g__[Eubacterium]_coprostanoligenes_group,0
607,d__Bacteria;_k__norank;_p__Bacteroidetes;_c__Bacteroidia;_o__Bacteroidales;_f__Prevotellaceae;_g__Prevotella_9;_s__uncultured_organism_g__Prevotella_9,299,428,2616,5839,339,51,2452,528,7544,1671,183,203,193,314,628,7171,355,7090,3549,1048,199,12508,1747,62,5175,82,828,217,2001,354,330,349,13035,384,1724,6364,1344,358,381,5179,306,357,602,1293,3729,307,10037,10597,4362,896,1086,384,1266,320,634,867,5914,424,2856,404,1334,2120,6603,550,403,468,4243,495,451,262,578,192,1415,180,69,132,1765,942,11272,293,3284,1838,239,256,353,5104,925,2029,228,459,1259,791,8144,854,12593,350,185,2270,754,836,2236,4197,678,242,429,514,1860,8702,73,2169,403,258,777,1462,14183,301,9167,335,563,581,478,3680,841,13903,413,119,2692,685,3796,608,60,59,98,1461,919,139,9232,213,192,190,82,647,462,995,162,149,118,1910,3306,186,51,462,156,216,1549,35,224,30,481,103,229,191,358,445,3205,119,106,323,660,134,2916,513,328,552,4247,2483,451,111,164,450,68,10413,221,519,435,214,507,2355,8136,155,142,169,330,1021,298,150,12028,386,317,124,5863,242,392,337,87,151,383,111,7252,504,274,548,442,5253,1350,17,239,16,153,477,886,26,577,18,454,133,1395,31,1429,33,24,26,21,198,25,33,1108,29,95,618,226,272,603,34,204,19,29,29,24,19,29,194,38,323,1616.7380952380952,2156.5034965034965,895.4864864864865,1261,Bacteria,norank,Bacteroidetes,Bacteroidia,Bacteroidales,Prevotellaceae,Prevotella_9,uncultured_organism_g__Prevotella_9,1
608,d__Bacteria;_k__norank;_p__Actinobacteria;_c__Actinobacteria;_o__Bifidobacteriales;_f__Bifidobacteriaceae;_g__Bifidobacterium;_s__Bifidobacterium_pseudocatenulatum_DSM_20438__JCM_1200__LMG_10505,41,2327,40,68,155,85,17,29,32,29,99,85,46,40,137,62,133,82,46,36,46,96,170,109,44,22,104,117,104,51,65,38,27,34,154,30,161,71,208,413,1060,12,260,730,9,10,1311,23,23,56,192,39,185,143,106,66,21,34,42,71,24,40,32,43,107,30,12,83,303,390,55,244,93,18,96,100,40,41,29,25,17,22,448,132,107,136,29,59,340,165,70,36,183,98,12,7,116,562,30,22,120,37,25,470,34,27,31,6,41,27,75,33,134,28,45,68,35,61,159,67,25,211,49,3,11,612,61,34,19,19,39,38,155,29,170,100,13,66,95,797,41,986,192,91,35,233,1996,114,55,100,3921,59,117,53,129,35,291,201,3691,327,12217,109,128,77,43,129,184,2301,160,184,118,70,866,31,42,131,78,433,41,71,78,401,67,47,284,104,84,163,16,19,414,228,106,111,116,171,59,36,52,100,31,256,82,115,87,23,38,81,2130,27,357,9,62,37,431,43,317,875,533,413,43,54,56,159,93,82,43,58,32,58,85,136,108,1680,142,41,64,100,3924,131,122,447,49,56,34,402,16,138,214,97,1534,34,21,61,267.56349206349205,137.97202797202797,430.43243243243245,-293,Bacteria,norank,Actinobacteria,Actinobacteria,Bifidobacteriales,Bifidobacteriaceae,Bifidobacterium,Bifidobacterium_pseudocatenulatum_DSM_20438__JCM_1200__LMG_10505,0
616,d__Bacteria;_k__norank;_p__Bacteroidetes;_c__Bacteroidia;_o__Bacteroidales;_f__Prevotellaceae;_g__Prevotella_2;_s__uncultured_organism_g__Prevotella_2,13,10,9,8,219,4,47,13,4,47,14,19,83,7,36,15,19,25,18,169,10,2,33,2,9,7,9,21,60,15,17,29,9,17,23,337,18,11,11,0,10,11,905,11,51,16,13,596,29,237,258,198,28,19,23,19,30,171,30,25,2,46,55,27,30,36,731,35,28,14,26,1,149,1,11,0,1,0,11,171,32,51,17,125,15,24,140,39,22,22,20,26,38,28,42,32,1124,229,34,176,1059,27,32,28,13,290,23,41,5,62,29,2546,48,842,28,37,13,4,38,31,35,32,35,38,29,12,309,24,896,14,6,3,9,311,38,93,30,19,16,6,4,7,16,122,10,7,7,2,8,3,0,5,5,4,206,6,6,2,63,2,31,0,0,8,0,0,0,0,0,0,0,2,0,156,1,0,0,0,0,0,0,64,0,13,28,3,0,0,1,0,1,3,15,2,1,1,0,57,0,0,2,1,2,25,1,0,0,1,57,0,29,23,22,33,15,32,0,0,0,0,0,27,0,0,0,7,8,0,258,0,0,0,0,22,0,0,0,30,0,0,0,7,0,22,0,0,1,0,1,0,0,15,0,0,64.97619047619048,104.1118881118881,13.387387387387387,91,Bacteria,norank,Bacteroidetes,Bacteroidia,Bacteroidales,Prevotellaceae,Prevotella_2,uncultured_organism_g__Prevotella_2,1
619,d__Bacteria;_k__norank;_p__Firmicutes;_c__Clostridia;_o__Clostridiales;_f__Ruminococcaceae;_g__Ruminiclostridium_6;_s__[Eubacterium]_siraeum_DSM_15702,8,4,222,209,5,235,0,55,196,0,14,0,58,4,0,11,4,1,13,0,1,4,6,44,40,35,10,5,1,3,22,26,1,3,21,5,17,4,3,12,2,4,106,0,1,14,4,4,0,47,6,18,11,23,20,16,9,20,13,41,1,12,9,4,133,6,15,6,72,9,18,0,2,1,8,2,16,12,11,17,8,14,8,72,26,8,15,27,17,15,53,47,54,25,7,34,18,21,18,44,17,40,5,3,0,6,14,0,34,5,9,53,4,2,5,2,7,29,3,42,35,31,32,2,13,19,6,1,39,222,207,31,32,10,40,112,0,0,54,168,31,36,1,8,26,40,196,43,129,249,273,58,46,263,18,30,70,129,111,51,22,69,7,16,181,7,8,23,174,12,9,145,221,78,40,14,268,10,7,34,68,56,26,69,213,149,169,117,332,653,209,123,623,122,550,188,125,243,526,696,160,135,687,10,154,146,166,263,138,140,38,10,10,53,13,46,57,69,87,67,50,64,68,84,47,10,54,33,67,45,107,54,863,20,39,21,120,0,0,0,12,70,1,1,9,14,6,7,6,22,8,45,8,7,66.21428571428571,27.60839160839161,114.89189189189189,-87,Bacteria,norank,Firmicutes,Clostridia,Clostridiales,Ruminococcaceae,Ruminiclostridium_6,[Eubacterium]_siraeum_DSM_15702,0
621,d__Bacteria;_k__norank;_p__Firmicutes;_c__Clostridia;_o__Clostridiales;_f__Ruminococcaceae;_g__Faecalibacterium;_s__unclassified_g__Faecalibacterium,727,1142,848,1263,1119,2199,1073,1776,929,3285,2183,4975,2012,1145,1518,957,1563,901,756,1484,2977,178,2648,1333,2696,2139,754,1173,708,6614,2027,938,1871,3035,1350,1606,1018,3458,887,786,408,2343,1789,417,1890,2459,612,1247,814,1277,2086,883,1083,412,1013,2079,1145,1384,1307,1775,550,481,564,837,800,886,3342,2342,1062,6314,1624,2020,1001,1584,1166,6244,443,1460,216,7558,1696,3306,5909,3265,577,797,1950,2098,5284,744,1542,1028,841,1059,745,1306,1459,760,1183,2555,1004,666,1440,6427,172,806,4152,3701,10783,918,2957,754,1071,1642,1193,1514,3313,850,838,1077,3450,1043,1019,838,1016,1713,2351,7160,805,1576,3792,10330,4374,1718,2032,1093,1234,3121,444,2703,4523,2671,317,1112,2196,306,1705,740,819,3241,897,902,912,3291,1063,1553,960,2058,1297,843,413,1548,2894,2980,813,1468,3079,469,1305,982,2759,1555,3813,1525,738,1271,1623,2947,1281,1099,6314,1435,3189,2067,1239,2166,1162,2108,1304,2432,1467,2503,1544,732,1133,1477,1056,2659,4698,2352,1345,765,2233,2607,3927,1955,2585,1427,664,590,1080,336,3011,2319,1653,534,1882,388,2768,1026,1749,1432,1518,5586,1052,1533,1432,502,2180,1139,2869,3598,1317,3265,785,811,920,3873,4526,864,996,1212,5701,3231,539,3166,1285,1520,316,3167,430,4702,1323,1127,1910.626984126984,1955.7552447552448,1840.1351351351352,115,Bacteria,norank,Firmicutes,Clostridia,Clostridiales,Ruminococcaceae,Faecalibacterium,unclassified_g__Faecalibacterium,1
627,d__Bacteria;_k__norank;_p__Bacteroidetes;_c__Bacteroidia;_o__Bacteroidales;_f__Porphyromonadaceae;_g__Parabacteroides;_s__Parabacteroides_distasonis_ATCC_8503,110,138,280,114,177,95,232,235,129,109,86,130,41,66,106,22,313,220,29,166,31,84,64,58,260,108,156,268,324,232,360,374,139,808,80,74,418,101,50,34,251,259,192,65,201,115,28,25,62,185,64,117,1704,178,142,231,100,152,657,117,349,215,246,290,363,142,166,361,634,136,429,269,136,448,31,613,318,88,234,268,288,192,189,97,370,178,195,132,841,1063,401,351,171,518,156,234,255,137,131,199,111,636,148,55,639,233,402,227,149,134,170,55,170,451,53,278,69,118,437,592,248,204,404,115,164,255,75,92,137,285,91,63,359,87,1114,61,81,54,111,175,86,199,261,115,137,122,256,88,168,247,128,206,528,443,73,97,247,257,271,331,57,110,211,62,167,120,209,152,248,125,121,491,129,118,418,258,226,68,204,295,238,99,183,2591,82,67,325,249,80,43,72,213,323,107,151,50,100,92,99,120,120,186,139,298,42,72,139,199,71,83,193,131,340,50,100,57,1211,133,113,237,123,140,424,100,188,268,325,294,219,505,352,141,401,258,472,124,61,15,263,85,120,237,19,38,63,15,36,86,165,38,40,199,31,91,221.67857142857142,233.2027972027972,203.93693693693695,30,Bacteria,norank,Bacteroidetes,Bacteroidia,Bacteroidales,Porphyromonadaceae,Parabacteroides,Parabacteroides_distasonis_ATCC_8503,1
638,d__Bacteria;_k__norank;_p__Firmicutes;_c__Clostridia;_o__Clostridiales;_f__Lachnospiraceae;_g__[Ruminococcus]_torques_group;_s__unclassified_g__[Ruminococcus]_torques_group,40,39,31,51,109,187,88,31,29,66,36,191,187,19,89,131,32,72,43,206,27,30,281,31,96,26,35,74,116,22,88,81,19,35,78,33,191,23,23,13,24,12,32,94,188,174,62,147,48,126,106,284,105,168,147,138,587,241,122,115,9,85,105,267,159,93,82,67,334,1470,93,6,27,18,40,12,11,100,84,54,14,11,105,80,51,15,91,197,12,52,40,56,27,164,94,125,91,111,13,89,39,19,74,88,40,94,37,36,18,51,184,133,55,146,130,58,16,30,96,107,86,91,372,145,118,132,128,31,111,62,224,35,37,106,49,119,71,118,37,33,30,70,70,85,133,23,9,28,13,24,102,15,17,6,120,12,67,7,9,26,14,12,75,30,55,34,9,35,18,17,72,24,34,78,21,18,25,22,14,72,18,11,33,33,44,20,25,100,48,82,38,17,94,54,23,22,45,13,50,133,6,17,21,69,33,23,83,31,10,32,31,68,111,180,234,140,71,72,95,93,807,124,103,66,51,25,96,222,45,30,216,866,48,56,40,37,157,159,31,59,81,70,515,104,14,14,228,5,8,12,16,41,10,14,88.26587301587301,99.2937062937063,72.68468468468468,27,Bacteria,norank,Firmicutes,Clostridia,Clostridiales,Lachnospiraceae,[Ruminococcus]_torques_group,unclassified_g__[Ruminococcus]_torques_group,1
656,d__Bacteria;_k__norank;_p__Firmicutes;_c__Clostridia;_o__Clostridiales;_f__Ruminococcaceae;_g__[Eubacterium]_coprostanoligenes_group;_s__unclassified_g__[Eubacterium]_coprostanoligenes_group,20,15,170,141,14,19,2,11,152,1,13,1,11,3,1,30,6,9,19,6,17,107,0,27,25,38,330,17,4,6,122,5,9,11,18,12,2,8,9,82,11,6,78,81,10,1,208,2,2,0,74,45,20,36,552,49,28,46,33,329,52,37,30,25,38,32,86,18,34,38,25,32,55,45,13,43,674,98,23,27,8,5,11,18,24,6,9,13,10,9,160,22,29,11,16,12,39,14,8,8,72,63,1,2,6,21,23,2,15,2,2,16,2,4,3,8,13,27,2,145,4,23,4,5,2,21,0,1,2,125,10,51,17,73,36,42,0,0,433,24,70,62,3,15,26,228,25,71,162,78,27,27,87,140,25,23,26,147,83,26,101,101,83,19,355,167,60,577,80,180,157,508,164,18,83,136,392,93,67,83,157,91,71,77,95,25,16,7,114,8,43,6,37,284,6,93,57,115,82,9,6,44,186,20,6,14,6,100,48,9,81,15,36,40,30,2,0,2,475,19,4,5,7,234,6,31,11,3,96,1,1,1,2,16,5,0,2,119,34,698,129,242,63,106,149,0,0,0,0,38,223,21,0,0,62.76587301587302,44.74125874125874,84.85585585585585,-40,Bacteria,norank,Firmicutes,Clostridia,Clostridiales,Ruminococcaceae,[Eubacterium]_coprostanoligenes_group,unclassified_g__[Eubacterium]_coprostanoligenes_group,0
669,d__Bacteria;_k__norank;_p__Firmicutes;_c__Clostridia;_o__Clostridiales;_f__Lachnospiraceae;_g__Lachnospira;_s__uncultured_organism_g__Lachnospira,79,56,102,110,318,94,227,101,75,64,56,81,173,17,86,43,16,3,23,154,376,10,171,95,70,121,30,102,586,9,102,103,27,37,86,21,121,16,15,13,20,77,150,17,114,107,24,87,61,100,182,37,23,53,30,30,29,43,44,34,28,16,31,18,29,267,25,16,265,30,23,8,28,27,55,4,16,49,422,261,186,49,77,147,833,66,81,124,52,485,104,92,77,93,52,102,346,97,58,71,93,41,3,6,229,215,243,92,42,7,12,51,6,16,31,10,40,118,421,32,9,12,38,6,20,71,23,7,27,89,86,87,124,77,6,163,86,115,53,70,80,76,642,84,97,8,16,20,35,61,39,54,13,26,96,89,21,27,64,29,312,16,30,59,15,53,57,14,24,20,28,37,64,90,46,22,25,43,96,19,24,48,29,63,411,10,92,7,12,101,38,52,26,9,19,9,14,11,40,34,30,8,20,41,18,71,6,19,35,13,788,10,19,38,165,12,5,24,13,16,15,12,15,14,6,89,12,7,27,8,232,10,20,514,37,10,16,1,0,0,0,122,0,0,6,6,4,20,62,6,2,71,5,2,76.70238095238095,96.05594405594405,50.450450450450454,46,Bacteria,norank,Firmicutes,Clostridia,Clostridiales,Lachnospiraceae,Lachnospira,uncultured_organism_g__Lachnospira,1
729,d__Bacteria;_k__norank;_p__Bacteroidetes;_c__Bacteroidia;_o__Bacteroidales;_f__Rikenellaceae;_g__Alistipes;_s__uncultured_organism_g__Alistipes,21,161,131,40,84,60,102,46,15,92,22,11,10,6,129,57,324,7,6,49,5,48,65,56,26,16,16,204,159,62,24,83,6,19,72,7,151,11,2,71,2,4,127,14,83,78,25,29,18,35,228,48,81,48,56,1111,65,48,57,57,60,42,21,173,220,32,26,205,489,118,67,141,92,82,11,394,106,154,115,71,105,111,26,33,165,160,49,78,167,161,43,95,109,177,84,133,105,47,22,31,158,121,64,49,406,198,134,142,58,189,72,51,217,86,79,355,75,44,311,97,166,258,303,120,181,32,141,35,86,55,30,21,50,404,207,19,16,24,45,183,114,65,101,31,98,76,165,43,119,39,78,52,35,22,45,19,35,21,137,163,22,138,429,27,105,105,74,134,278,197,133,209,94,39,84,65,47,105,38,69,56,164,269,105,38,155,66,333,89,119,101,95,29,184,328,213,102,171,96,143,88,68,52,220,102,48,64,72,127,208,21,30,56,22,92,38,103,57,77,944,60,68,83,69,54,209,37,195,57,176,394,139,53,152,260,40,51,254,228,350,2284,51,240,299,56,12,25,102,140,250,50,93,103,218,119.91269841269842,103.3006993006993,142.04504504504504,-39,Bacteria,norank,Bacteroidetes,Bacteroidia,Bacteroidales,Rikenellaceae,Alistipes,uncultured_organism_g__Alistipes,0
760,d__Bacteria;_k__norank;_p__Firmicutes;_c__Negativicutes;_o__Selenomonadales;_f__Veillonellaceae;_g__Dialister;_s__uncultured_bacterium_g__Dialister,0,0,0,0,0,0,2,0,0,0,48,0,0,1,0,0,0,3,1,0,0,49,0,0,0,24,0,0,0,0,0,0,0,0,0,246,0,0,0,69,2,0,2,1,0,1,6,0,0,0,1,0,0,2,6,0,0,0,0,0,25,1,3,0,0,0,0,0,0,0,0,53,3373,39,0,35,44,58,23,30,43,32,25,36,1,28,44,30,24,26,42,38,30,28,20,31,0,27,46,16,19,3153,0,1,0,0,2,2,0,0,0,0,0,1,1,0,0,0,1,0,0,0,0,0,0,0,0,0,0,0,0,0,0,0,234,1,0,0,85,0,0,64,1,0,3,162,27,7614,23,26,38,38,43,37,0,61,41,20,45,38,0,0,0,0,1,0,0,107,0,3,117,0,0,0,0,0,0,1,33,0,0,0,0,331,31,5,24,18,15,19,17,12,0,468,18,24,95,12,18,18,14,21,28,0,29,151,24,21,26,22,1,0,0,0,0,0,0,0,5,0,0,0,0,0,0,0,1,0,0,0,0,0,0,0,0,0,0,0,0,0,0,1,0,0,0,0,0,0,0,0,0,0,0,0,72.32936507936508,57.9020979020979,89.61261261261261,-32,Bacteria,norank,Firmicutes,Negativicutes,Selenomonadales,Veillonellaceae,Dialister,uncultured_bacterium_g__Dialister,0
773,d__Bacteria;_k__norank;_p__Firmicutes;_c__Clostridia;_o__Clostridiales;_f__Lachnospiraceae;_g__[Eubacterium]_xylanophilum_group;_s__unclassified_g__[Eubacterium]_xylanophilum_group,39,7,34,84,5,15,6,36,40,2,9,5,28,1,6,5,2,2,3,16,7,3,0,23,11,25,0,15,10,1,8,2,0,3,4,0,5,23,26,3,1,0,52,1,23,6,2,32,3,20,8,8,7,15,16,24,11,20,96,10,5,6,8,4,6,83,51,7,8,10,7,3,2,1,6,3,4,5,15,6,17,19,17,30,9,12,31,17,25,16,31,11,13,21,22,24,5,55,22,32,20,12,48,3,7,6,7,4,8,3,10,10,3,13,2,14,5,12,11,19,4,4,9,17,10,13,41,6,18,87,28,28,9,7,5,37,47,6,17,25,21,44,3,11,10,33,41,58,51,136,50,52,38,67,58,54,20,38,59,104,42,30,57,16,79,60,16,51,42,54,73,66,120,37,48,31,88,55,80,34,42,61,88,13,55,18,27,35,70,40,47,20,190,25,66,40,34,30,85,40,29,23,43,8,31,52,18,35,32,48,42,2,7,12,8,32,19,36,40,52,17,47,142,27,16,32,18,25,81,18,33,26,258,11,24,12,76,4,1,7,27,28,2,7,1,2,3,2,1,0,1,7,4,6,26.78968253968254,15.671328671328672,40.72072072072072,-25,Bacteria,norank,Firmicutes,Clostridia,Clostridiales,Lachnospiraceae,[Eubacterium]_xylanophilum_group,unclassified_g__[Eubacterium]_xylanophilum_group,0
774,d__Bacteria;_k__norank;_p__Bacteroidetes;_c__Bacteroidia;_o__Bacteroidales;_f__Bacteroidaceae;_g__Bacteroides;_s__Bacteroides_ovatus,229,768,215,475,180,556,203,351,871,512,1243,105,320,150,772,101,966,417,45,143,76,107,278,437,234,683,170,123,169,181,82,441,221,123,48,272,100,381,154,71,163,309,276,83,110,277,48,83,259,271,102,191,79,183,130,97,403,95,102,95,336,358,99,102,73,112,59,177,315,137,641,295,355,169,782,743,251,184,122,272,292,728,222,345,143,810,193,452,205,247,188,619,122,220,149,421,266,214,502,371,146,497,581,1759,213,583,269,398,295,1010,427,482,1147,349,296,415,388,687,416,347,885,269,421,286,558,148,371,572,562,565,431,370,1404,349,938,309,193,1576,1146,298,510,648,78,122,268,1309,230,484,199,484,619,373,774,845,161,624,249,1086,216,248,151,305,603,382,475,353,892,1138,224,381,436,196,391,268,280,541,882,371,590,216,734,131,188,485,403,602,806,703,519,732,544,1350,340,1441,420,593,396,258,566,763,393,659,1090,1134,460,716,323,1237,167,245,199,483,138,126,347,220,223,280,213,250,635,243,207,177,514,187,267,358,208,381,389,217,512,170,1473,710,180,249,113,147,236,155,446,196,144,1978,334,2096,222,254,215,484,514,184,414.8888888888889,365.1188811188811,477.8198198198198,-112,Bacteria,norank,Bacteroidetes,Bacteroidia,Bacteroidales,Bacteroidaceae,Bacteroides,Bacteroides_ovatus,0
829,d__Bacteria;_k__norank;_p__Bacteroidetes;_c__Bacteroidia;_o__Bacteroidales;_f__Bacteroidaceae;_g__Bacteroides;_s__Bacteroides_uniformis,849,1774,1056,622,1472,640,1131,1637,748,1470,897,900,1201,631,1858,657,1260,685,385,1419,522,257,539,924,1063,868,646,1080,1246,1520,648,1375,279,1998,738,751,977,2341,619,498,836,2490,1121,338,590,910,318,856,630,1343,1131,686,583,451,704,1291,619,1439,996,971,446,1637,1331,1751,1258,1593,808,1057,3783,1080,1742,2227,1212,1625,647,1117,671,950,600,1305,884,1450,979,1249,971,1783,1233,640,888,1173,899,1566,959,1266,508,1088,1489,1272,931,1165,794,2139,1595,1385,1541,2227,1094,1068,1437,2168,1695,1375,2538,2097,593,1415,911,606,1932,1354,1961,1489,1839,700,1366,963,1714,1045,1729,1498,858,1741,1626,1674,3525,1206,809,1181,1285,1296,1840,365,706,848,936,1464,1414,382,1158,707,1004,2399,2713,1010,1294,1043,1817,1855,893,1379,1314,3092,1470,859,1580,3339,1402,2041,1343,1687,438,1238,679,1074,1705,1597,1213,1138,1288,1462,1223,592,1390,2399,4263,2034,658,1028,945,1133,2736,2324,2569,1360,1807,1577,248,677,561,771,1268,1413,781,1976,813,830,987,1492,381,722,1480,2097,961,254,577,697,1134,673,969,1759,958,2064,1445,1199,2195,1082,2269,2355,1585,1631,3942,1376,3336,1111,2894,2593,505,326,180,329,1009,915,310,801,645,772,537,1955,390,1315,1624,1368,1462,6184,1265.6626984126983,1189.4895104895104,1409.873873873874,-220,Bacteria,norank,Bacteroidetes,Bacteroidia,Bacteroidales,Bacteroidaceae,Bacteroides,Bacteroides_uniformis,0
838,d__Bacteria;_k__norank;_p__Bacteroidetes;_c__Bacteroidia;_o__Bacteroidales;_f__Bacteroidales_S24-7_group;_g__norank_f__Bacteroidales_S24-7_group;_s__uncultured_bacterium_g__norank_f__Bacteroidales_S24-7_group,22,12,0,0,1,0,0,0,0,1,0,0,0,0,0,0,0,0,0,0,0,0,0,0,0,0,0,0,0,0,2,2,0,0,0,0,0,0,0,0,0,0,8,0,0,0,0,0,0,244,0,0,0,0,0,0,0,0,0,0,0,0,0,0,0,0,0,0,0,0,0,0,0,0,11,0,0,0,0,1,0,1,0,0,19,0,0,1,0,0,0,0,0,0,0,0,16,0,1,227,1,2,0,0,16,0,24,1,0,1,1,0,0,0,0,0,13,0,0,0,0,0,0,0,2,13,0,0,259,0,0,0,0,5,1,7,0,0,0,0,0,0,0,9,13,2,1,0,1,1,1,1,1,1,14,0,0,1,14,1,0,0,0,28,0,0,0,0,0,0,0,0,0,3410,0,0,0,0,0,0,0,6,0,20,0,0,0,0,0,0,0,0,0,0,0,0,0,0,0,0,0,0,0,0,0,0,0,0,3,0,0,0,0,0,23,0,0,0,0,0,0,0,0,0,0,19,0,0,0,0,0,0,0,12,0,0,0,1,0,0,0,7,0,0,0,0,0,0,0,0,0,23,0,0,17.96825396825397,6.398601398601398,32.549549549549546,-26,Bacteria,norank,Bacteroidetes,Bacteroidia,Bacteroidales,Bacteroidales_S24-7_group,Bacteroidales_S24-7_group,uncultured_bacterium_g__norank_f__Bacteroidales_S24-7_group,0
844,d__Bacteria;_k__norank;_p__Firmicutes;_c__Clostridia;_o__Clostridiales;_f__Lachnospiraceae;_g__Blautia;_s__Ruminococcus_sp._5_1_39BFAA,79,71,69,74,41,46,56,47,97,67,59,79,52,76,78,61,94,38,45,108,58,179,84,39,36,62,70,69,64,237,45,43,68,56,51,71,55,49,36,60,77,110,59,246,51,30,46,51,60,46,73,86,83,76,599,53,22,35,32,76,77,23,19,20,77,81,10,46,72,66,41,195,57,49,29,60,62,66,50,56,38,100,63,55,98,55,113,78,67,65,78,55,75,72,29,52,61,84,82,54,68,54,84,35,70,58,52,34,56,72,73,44,64,110,43,61,65,131,62,65,45,63,70,29,35,77,65,51,41,159,47,48,99,94,57,39,59,58,70,105,52,65,55,73,36,49,209,71,68,65,56,58,96,106,69,59,44,81,58,43,160,86,68,71,170,51,72,47,74,59,63,40,60,31,37,85,105,59,49,31,44,25,28,45,116,108,92,67,123,63,53,58,46,38,85,43,53,47,61,49,36,79,128,27,38,53,48,72,24,32,84,13,53,55,78,111,195,134,918,116,102,98,128,145,70,68,70,56,94,77,156,166,105,60,100,45,193,72,46,450,64,70,16,31,84,2800,381,67,100,83,84,52,211,119,88.58730158730158,69.8881118881119,114.05405405405405,-45,Bacteria,norank,Firmicutes,Clostridia,Clostridiales,Lachnospiraceae,Blautia,Ruminococcus_sp._5_1_39BFAA,0
881,d__Bacteria;_k__norank;_p__Firmicutes;_c__Clostridia;_o__Clostridiales;_f__Lachnospiraceae;_g__Anaerostipes;_s__Anaerostipes_hadrus_g__Anaerostipes,49,101,145,59,23,23,28,12,98,29,41,89,40,130,86,65,81,45,56,66,43,121,41,44,12,46,103,28,104,26,19,57,41,27,50,21,11,46,32,45,35,25,32,201,31,23,45,46,14,37,36,130,119,77,391,11,81,40,26,24,38,33,9,20,28,32,7,103,112,63,27,20,27,11,43,53,63,66,113,24,18,40,70,39,208,83,56,45,22,111,21,57,56,36,23,22,45,79,27,35,32,18,34,48,230,30,61,31,21,43,117,51,74,71,35,42,45,39,108,60,65,75,31,27,31,150,93,21,39,60,45,28,84,50,31,90,16,36,16,51,22,19,107,74,49,21,82,33,180,100,69,41,189,131,97,81,40,43,49,46,41,62,163,39,80,90,121,37,77,76,73,269,127,61,57,145,257,92,92,51,61,44,71,63,50,29,77,116,71,63,66,105,70,40,75,66,31,184,92,70,34,116,151,19,68,68,36,58,29,32,11,11,65,32,82,125,198,134,459,88,168,129,110,84,95,61,78,39,74,139,169,128,143,156,77,47,142,190,94,306,99,65,105,95,48,410,59,76,69,60,21,85,48,44,72.16269841269842,55.72727272727273,92.86486486486487,-37,Bacteria,norank,Firmicutes,Clostridia,Clostridiales,Lachnospiraceae,Anaerostipes,Anaerostipes_hadrus_g__Anaerostipes,0
882,d__Bacteria;_k__norank;_p__Bacteroidetes;_c__Bacteroidia;_o__Bacteroidales;_f__Bacteroidaceae;_g__Bacteroides;_s__Bacteroides_ovatus,817,314,170,210,471,187,457,249,212,286,139,332,411,405,271,316,270,233,88,337,248,42,282,204,152,161,368,604,374,250,261,532,255,507,183,215,356,869,2167,25,290,309,131,137,298,304,183,198,194,339,313,222,357,562,90,177,119,320,215,307,176,484,148,562,385,263,163,350,225,191,205,102,96,246,118,90,187,275,798,436,363,290,405,452,1345,249,266,303,527,370,333,603,231,430,181,405,536,290,241,348,210,313,1373,227,1855,587,523,446,313,454,539,490,366,458,253,656,195,303,511,468,683,339,606,275,457,426,422,230,492,284,383,295,481,427,496,457,803,171,595,861,579,95,985,241,329,659,666,80,139,218,196,275,216,243,332,160,174,287,90,232,144,415,230,230,165,351,273,586,515,461,72,145,205,360,178,114,212,170,152,144,199,48,189,414,307,433,333,257,203,476,317,399,486,617,684,587,72,122,219,201,185,168,215,104,183,147,155,352,61,170,244,139,189,93,320,261,625,654,167,261,277,486,333,408,639,646,360,738,408,597,367,269,727,361,274,379,161,139,123,44,114,381,65,165,216,166,1065,2173,374,467,865,566,334,395,355.60714285714283,380.034965034965,324.2972972972973,56,Bacteria,norank,Bacteroidetes,Bacteroidia,Bacteroidales,Bacteroidaceae,Bacteroides,Bacteroides_ovatus,1
901,d__Bacteria;_k__norank;_p__Firmicutes;_c__Clostridia;_o__Clostridiales;_f__Ruminococcaceae;_g__Ruminococcaceae_NK4A214_group;_s__gut_metagenome_g__Ruminococcaceae_NK4A214_group,49,104,114,157,42,52,123,265,28,117,179,39,104,24,84,89,52,20,54,89,23,108,55,43,370,33,42,184,135,28,130,99,94,54,157,49,65,25,24,46,31,26,185,131,69,139,577,96,29,104,154,279,55,101,222,133,162,257,99,146,82,70,198,46,117,210,144,100,97,82,161,26,61,54,99,18,33,88,49,49,112,150,57,128,46,270,91,93,112,90,203,133,190,95,86,149,44,147,68,148,130,121,59,138,27,58,110,84,40,224,62,97,109,77,42,102,114,81,75,260,89,265,79,62,99,47,129,37,125,174,40,50,23,135,89,114,53,163,45,107,148,155,38,53,129,123,151,764,220,215,174,648,387,145,166,128,668,325,270,1461,204,210,155,34,341,255,101,121,201,342,318,289,307,95,739,357,216,206,149,1568,220,180,593,97,282,130,165,81,194,86,132,59,148,92,187,254,176,128,163,120,305,196,95,42,90,63,524,230,130,413,137,64,68,163,63,148,29,32,150,106,114,162,34,74,30,116,153,23,160,127,54,35,106,42,21,24,106,146,11,110,105,212,82,100,61,32,18,14,14,106,35,79,26,13,144.015873015873,105.00699300699301,192.02702702702703,-87,Bacteria,norank,Firmicutes,Clostridia,Clostridiales,Ruminococcaceae,Ruminococcaceae_NK4A214_group,gut_metagenome_g__Ruminococcaceae_NK4A214_group,0
923,d__Bacteria;_k__norank;_p__Bacteroidetes;_c__Bacteroidia;_o__Bacteroidales;_f__Bacteroidaceae;_g__Bacteroides;_s__Bacteroides_caccae,467,343,316,238,230,528,200,332,305,542,136,84,84,25,300,79,287,221,42,200,167,95,215,558,218,1287,205,160,429,55,211,278,75,193,152,41,165,120,52,87,456,61,242,64,244,429,182,495,84,149,347,178,470,179,378,201,193,226,504,221,147,187,233,319,305,510,149,726,279,229,515,184,152,248,78,313,311,170,260,307,250,685,150,162,313,383,221,341,181,438,387,384,212,338,253,633,238,833,202,207,296,304,856,195,795,460,217,298,205,766,292,201,518,362,252,301,319,299,660,457,445,339,421,282,605,107,1029,209,306,326,185,238,693,497,451,112,476,116,365,445,285,1377,248,145,379,366,371,608,285,218,1015,365,250,311,692,839,209,358,179,282,62,103,134,123,155,146,290,185,212,133,512,170,105,157,168,72,151,385,702,99,194,58,175,255,100,100,124,139,124,82,111,323,564,172,233,119,392,105,86,423,158,82,167,229,328,621,69,190,39,138,173,283,165,238,230,122,573,144,365,255,256,255,581,171,218,194,282,317,192,768,251,228,549,340,299,300,270,49,149,164,101,311,70,64,168,356,290,1211,101,161,156,275,186,421,291.8611111111111,315.16083916083915,262.05405405405406,53,Bacteria,norank,Bacteroidetes,Bacteroidia,Bacteroidales,Bacteroidaceae,Bacteroides,Bacteroides_caccae,1
950,d__Bacteria;_k__norank;_p__Proteobacteria;_c__Betaproteobacteria;_o__Neisseriales;_f__Neisseriaceae;_g__Uruburuella;_s__Uruburuella_testudinis,0,0,0,1,0,0,0,0,0,0,0,0,0,0,0,0,0,0,0,0,0,0,0,0,1,0,0,0,0,0,0,0,0,0,0,0,0,0,0,0,0,0,0,0,0,0,0,0,0,0,0,0,0,0,0,0,0,0,0,0,0,0,0,0,0,0,0,0,0,0,0,0,0,0,0,0,0,0,0,0,0,0,0,0,0,0,0,0,0,0,0,0,0,0,0,0,0,0,0,0,0,0,0,0,0,0,0,0,0,0,0,0,0,0,0,0,0,1,0,0,0,0,1,0,0,0,0,1,0,0,0,0,1,0,0,0,0,0,2,0,8,0,0,0,0,2,0,0,0,0,0,0,157,0,0,0,0,0,0,0,0,0,0,0,0,1,0,0,0,5,0,0,0,0,0,150,0,0,0,0,0,0,0,0,19,13,17,11,10,22,15,15,0,20,11,19,9,12,15,14,17,4391,11,0,14,16,14,17,5,10,0,0,0,0,0,0,0,0,0,0,0,0,0,0,0,0,0,0,0,0,0,0,0,0,0,0,0,0,0,0,0,0,0,0,0,0,0,0,0,0,0,0,0,1,20.03174603174603,0.11188811188811189,45.34234234234234,-45,Bacteria,norank,Proteobacteria,Betaproteobacteria,Neisseriales,Neisseriaceae,Uruburuella,Uruburuella_testudinis,0
983,d__Bacteria;_k__norank;_p__Bacteroidetes;_c__Bacteroidia;_o__Bacteroidales;_f__Bacteroidaceae;_g__Bacteroides;_s__Bacteroides_plebeius,367,1203,1359,199,1488,301,1641,382,199,1922,329,715,655,198,2082,549,202,456,213,894,79,295,2720,679,1075,1237,611,2482,3457,153,1474,2487,990,1556,1032,397,2624,313,192,491,169,193,245,144,2883,2068,76,597,2322,3167,3109,352,747,246,338,246,1132,548,866,1296,2815,907,332,2124,1759,2470,600,343,239,139,1110,463,955,6571,204,332,1380,1396,402,911,916,1512,459,488,440,1325,526,2605,1421,2720,1705,2302,839,2461,1649,1829,991,822,2328,1850,1647,2999,331,207,187,881,950,570,291,1338,373,247,1152,465,1155,1345,929,271,2506,1232,1796,706,2162,1322,1551,423,515,1497,1702,321,206,177,992,2132,2993,440,724,674,6234,996,280,148,582,356,1362,702,572,45,463,49,180,80,953,39,582,328,779,41,45,35,55,186,586,1783,121,106,2368,925,3719,123,104,621,91,1602,156,886,113,421,487,819,104,55,81,3284,120,220,189,520,103,156,115,576,204,1367,686,135,51,1882,98,204,165,721,111,361,402,439,5318,150,51,55,185,327,322,117,1955,278,875,280,321,302,1425,583,829,1037,871,1508,509,2402,1031,471,239,208,248,2132,481,423,138,68,210,82,42,1374,399,151,7175,123,205,210,339,209,187,1953,1333,2341,931.5912698412699,1137.979020979021,682.018018018018,455,Bacteria,norank,Bacteroidetes,Bacteroidia,Bacteroidales,Bacteroidaceae,Bacteroides,Bacteroides_plebeius,1
985,d__Bacteria;_k__norank;_p__Firmicutes;_c__Clostridia;_o__Clostridiales;_f__Lachnospiraceae;_g__Lachnospiraceae_NK4A136_group;_s__uncultured_Lachnospiraceae_bacterium_g__Lachnospiraceae_NK4A136_group,243,241,230,316,263,240,382,281,275,453,123,222,235,256,215,1025,196,131,912,861,416,258,520,462,156,458,318,541,292,401,242,352,118,231,245,348,279,419,597,823,149,115,453,207,196,420,124,217,276,283,882,172,82,347,305,233,162,307,945,168,235,106,122,110,296,274,102,78,1024,102,111,427,431,252,169,220,399,2498,401,161,285,376,159,216,542,154,564,411,427,259,210,347,215,276,121,431,370,261,320,211,502,412,133,131,207,172,518,243,217,374,174,156,123,634,247,384,399,655,235,229,266,190,263,105,367,291,252,224,196,791,842,224,502,695,522,372,209,240,192,360,375,293,316,547,546,203,325,283,234,303,397,607,767,355,427,468,177,392,501,221,120,456,302,453,647,235,568,172,362,292,247,194,265,362,285,615,318,356,468,155,328,260,218,656,416,415,755,525,971,1138,392,507,323,253,542,401,314,255,393,460,329,1564,468,98,461,836,230,747,263,235,180,95,187,752,613,181,146,384,363,323,290,372,1088,225,124,709,248,133,193,105,1099,162,382,345,140,116,863,155,49,254,278,404,156,260,201,165,397,135,48,157,185,470,111,3174,357.27777777777777,339.3286713286713,403.55855855855856,-64,Bacteria,norank,Firmicutes,Clostridia,Clostridiales,Lachnospiraceae,Lachnospiraceae_NK4A136_group,uncultured_Lachnospiraceae_bacterium_g__Lachnospiraceae_NK4A136_group,0
1003,d__Bacteria;_k__norank;_p__Firmicutes;_c__Clostridia;_o__Clostridiales;_f__Lachnospiraceae;_g__Coprococcus_2;_s__Coprococcus_eutactus,0,15,78,19,22,12,21,47,64,8,15,16,28,27,30,217,42,24,38,25,32,1,25,60,117,11,36,21,27,27,28,17,24,27,26,75,12,37,26,0,34,25,50,51,76,27,245,16,17,20,192,2,1,2,4,7,2,2,0,3,0,0,15,0,3,4,4,0,0,4,0,0,45,0,1,0,0,128,9,9,9,10,18,11,1,26,14,12,10,19,32,19,29,16,49,19,3,10,8,10,108,13,2,1,0,4,1,0,9,0,2,2,15,1,0,2,0,6,1,1,1,16,1,38,8,0,0,0,3,34,19,16,15,130,1,0,11,26,8,15,8,42,26,0,9,15,34,49,112,33,41,84,62,83,1,26,96,37,62,171,247,53,127,0,83,88,46,51,49,73,94,180,58,7,79,104,182,111,62,113,50,75,340,3,620,38,31,75,42,75,43,27,3,24,40,33,58,64,42,40,58,59,102,0,80,34,82,47,33,141,239,2,2,41,0,5,5,3,5,11,6,5,8,4,1,0,19,6,6,3,5,2,7,1,3,3,60,3,0,0,13,0,2,1,129,0,0,0,0,0,0,0,0,0,35.583333333333336,22.97902097902098,51.18018018018018,-29,Bacteria,norank,Firmicutes,Clostridia,Clostridiales,Lachnospiraceae,Coprococcus_2,Coprococcus_eutactus,0
1046,d__Bacteria;_k__norank;_p__Bacteroidetes;_c__Bacteroidia;_o__Bacteroidales;_f__Porphyromonadaceae;_g__Parabacteroides;_s__Parabacteroides_merdae,151,200,284,121,441,262,403,137,278,410,102,499,137,58,233,141,198,212,85,308,399,107,305,171,220,155,394,527,600,441,210,408,48,161,339,589,347,310,67,203,259,62,403,38,224,684,249,194,141,407,475,582,780,347,359,482,241,464,672,453,232,289,266,526,901,500,262,223,369,317,477,934,1371,497,47,361,632,355,116,389,333,458,584,162,139,265,225,348,482,619,316,490,446,512,218,811,310,298,236,372,374,246,224,113,62,406,308,279,312,419,672,135,233,264,193,516,208,330,640,296,418,543,475,161,718,417,292,143,406,353,80,439,132,474,227,108,152,120,182,669,139,186,126,150,481,110,387,112,191,66,237,69,558,149,227,92,204,117,233,221,163,621,336,145,436,649,146,299,592,168,226,414,151,269,221,729,330,191,229,287,200,293,353,157,186,362,410,209,210,98,448,102,398,167,566,127,125,185,107,280,109,410,212,169,121,164,197,173,162,192,126,256,311,90,232,239,572,179,204,372,137,235,523,272,148,477,175,267,199,110,185,185,257,372,84,95,30,279,237,145,279,209,105,199,319,55,113,249,140,333,355,286,552,266,296.77777777777777,336.04895104895104,248.2072072072072,88,Bacteria,norank,Bacteroidetes,Bacteroidia,Bacteroidales,Porphyromonadaceae,Parabacteroides,Parabacteroides_merdae,1
1048,d__Bacteria;_k__norank;_p__Firmicutes;_c__Clostridia;_o__Clostridiales;_f__Ruminococcaceae;_g__Ruminococcaceae_UCG-013;_s__uncultured_organism_g__Ruminococcaceae_UCG-013,101,173,87,122,47,163,81,55,140,66,338,99,80,121,147,74,234,154,138,103,162,30,108,215,95,91,99,115,161,41,58,199,80,78,72,91,74,255,77,97,44,278,85,95,52,270,77,98,48,91,108,70,31,55,189,79,58,59,103,109,116,35,34,32,68,141,31,54,67,155,107,16,92,43,299,146,47,36,43,59,61,70,136,84,78,213,83,178,92,177,95,139,98,116,45,197,61,194,81,111,96,53,78,247,31,46,72,54,103,56,129,51,152,89,54,85,51,58,243,78,107,119,88,31,171,140,131,56,83,151,190,128,81,155,41,95,72,305,104,100,68,132,59,78,214,58,133,99,99,148,201,102,153,251,211,109,86,95,79,153,71,160,87,89,117,156,72,65,83,63,118,83,123,95,64,145,176,221,104,86,56,42,101,58,234,331,128,130,155,155,197,110,153,109,175,134,137,123,259,385,99,197,272,267,332,152,119,181,65,131,109,27,151,66,123,118,73,101,301,111,126,163,160,135,93,127,108,57,97,81,131,166,195,218,657,79,148,46,9,110,54,117,27,41,44,242,149,252,165,35,31,140,46,29,118.65079365079364,105.47552447552448,134.16216216216216,-29,Bacteria,norank,Firmicutes,Clostridia,Clostridiales,Ruminococcaceae,Ruminococcaceae_UCG-013,uncultured_organism_g__Ruminococcaceae_UCG-013,0
1053,d__Bacteria;_k__norank;_p__Bacteroidetes;_c__Bacteroidia;_o__Bacteroidales;_f__Prevotellaceae;_g__Prevotella_2;_s__uncultured_bacterium_g__Prevotella_2,62,81,203,4,47,4,44,4,6,43,1,18,16,17,39,24,16,22,461,863,13,8,36,7,5,9,24,26,150,26,26,22,13,19,26,210,37,19,16,256,16,22,308,16,70,29,11,695,17,62,58,253,28,31,26,39,54,224,39,26,40,43,386,56,42,53,632,44,28,19,43,35,174,24,27,28,33,41,2,1,3,2,1,0,61,3,669,2,0,17,2,2,1,4,3,3,112,226,2,24,23,3,4,2,0,7,125,11,6,10,3,7,5,1012,3,6,72,7,13,3,6,2,2,3,6,63,281,2,48,15,4,3,4,23,6,55,12,18,7,9,6,3,20,7405,77,5,6,7,205,2,2,1,6,4,362,3,2,2,25,2,17,0,19,69,1,0,0,0,0,1,0,220,1,109,1,1,0,1,1,0,1,11,1,106,68,38,44,57,31,39,25,25,31,42,33,13,28,4322,19,18,32,24,23,35,30,27,28,29,20,10,30,49,30,31,94,49,0,0,0,1,1,79,0,0,0,64,203,0,215,0,0,0,1,59,0,0,0,36,0,1,2,59,0,33,0,1,1,0,0,0,0,70,0,0,97.7420634920635,68.21678321678321,134.018018018018,-66,Bacteria,norank,Bacteroidetes,Bacteroidia,Bacteroidales,Prevotellaceae,Prevotella_2,uncultured_bacterium_g__Prevotella_2,0
1055,d__Bacteria;_k__norank;_p__Firmicutes;_c__Clostridia;_o__Clostridiales;_f__Ruminococcaceae;_g__Ruminococcaceae_UCG-002;_s__uncultured_organism_g__Ruminococcaceae_UCG-002,82,165,228,309,155,166,335,185,348,141,80,98,217,56,272,338,73,54,230,220,96,178,122,39,128,51,82,167,308,45,177,155,408,236,208,209,123,49,56,189,43,47,267,203,335,933,292,160,52,312,281,91,72,105,356,204,60,100,384,624,231,80,157,50,100,295,323,129,73,66,84,46,170,355,79,42,64,339,69,136,621,125,61,209,106,132,158,91,74,230,203,224,283,145,284,397,178,181,66,148,224,45,79,76,34,191,397,200,60,110,61,138,108,143,33,81,140,33,289,170,117,255,112,357,318,89,207,24,141,226,35,99,71,236,25,350,111,148,326,89,269,343,71,121,413,172,103,514,274,328,238,367,220,287,279,129,221,454,274,630,197,300,348,54,526,334,151,240,228,679,898,651,417,159,416,350,468,138,190,295,291,249,425,64,316,186,112,600,335,130,309,132,146,326,168,456,489,239,516,624,282,175,363,56,113,166,240,404,177,267,122,40,51,162,120,55,72,63,271,247,56,75,407,335,57,124,143,31,345,156,58,55,96,331,39,26,135,30,15,246,123,337,23,31,98,46,34,26,30,126,64,144,27,40,200.78571428571428,175.76223776223776,230.00900900900902,-55,Bacteria,norank,Firmicutes,Clostridia,Clostridiales,Ruminococcaceae,Ruminococcaceae_UCG-002,uncultured_organism_g__Ruminococcaceae_UCG-002,0
1073,d__Bacteria;_k__norank;_p__Proteobacteria;_c__Betaproteobacteria;_o__Burkholderiales;_f__Alcaligenaceae;_g__Sutterella;_s__gut_metagenome_g__Sutterella,20,34,17,11,0,21,1,12,56,5,5,17,0,0,0,0,0,0,1,0,0,8,2,37,7,12,1,0,0,86,0,19,0,1,271,0,0,4,1,36,1,0,52,0,4,1,0,0,2,59,4,33,298,90,21,15,213,15,210,100,15,23,10,9,26,15,14,14,112,18,18,274,18,6,16,12,20,13,2,2,0,10,12,1,37,1,2,5,0,1,2,23,334,4,15,3,20,2,2,57,4,1,2,1,0,1,20,0,7,15,13,2,2,0,0,2,19,66,0,3,13,306,1,4,2,46,3,2,50,9,7,7,107,2,1,27,1,0,11,6,25,26,1,24,31,9,9,14,8,18,19,9,11,228,35,11,9,4,161,11,4,3,28,29,1,10,15,3,7,39,11,13,8,345,8,4,46,95,12,7,3,47,6,19,0,0,49,25,0,1,0,12,23,1,1,23,7,3,0,9,0,0,39,10,32,0,0,1,22,0,7,52,79,24,47,21,379,110,13,25,116,10,149,80,36,27,10,14,14,15,311,17,14,21,16,263,14,139,750,65,107,54,134,73,211,108,8,44,10,24,3,76,7,12,36.142857142857146,26.475524475524477,48.11711711711712,-22,Bacteria,norank,Proteobacteria,Betaproteobacteria,Burkholderiales,Alcaligenaceae,Sutterella,gut_metagenome_g__Sutterella,0
1074,d__Bacteria;_k__norank;_p__Tenericutes;_c__Mollicutes;_o__Mollicutes_RF9;_f__norank_o__Mollicutes_RF9;_g__norank_o__Mollicutes_RF9;_s__uncultured_organism_g__norank_o__Mollicutes_RF9,5,2,1,0,1,0,0,0,0,0,10,4,9,2,0,53,2,2,6,5,9,1,0,0,162,1,7,0,1,5,43,30,7,4,0,2,0,5,2,4,3,1,2,12,28,0,3,0,0,0,0,5,1,7,26,2,2,3,2,4,0,1,3,2,5,1,73,3,2,3,5,0,0,0,3,0,0,35,15,11,16,15,18,25,7,19,18,12,8,13,78,71,13,15,39,17,6,14,13,8,11,38,0,0,1,0,8,0,0,0,9,8,0,6,0,0,5,0,1,70,30,0,0,14,0,23,0,1,0,0,1,1,0,0,24,30,0,0,5,0,0,38,0,14,8,14,25,46,19,17,17,27,28,18,9,15,2825,36,39,27,1,0,0,6,0,0,0,4,0,0,28,0,0,7,0,0,0,0,0,231,2,1,0,38,7,2,5,1,1,5,12,3,4,6,7,2,108,4,4,3,0,3,5,1,6,6,215,33,2,7,0,2,0,85,9,5,11,15,44,17,16,15,12,12,14,10,15,8,114,3,15,13,16,4,8,6,146,5,1,24,4,87,0,7,35,0,0,0,0,0,0,33,0,0,24.452380952380953,9.76923076923077,42.927927927927925,-33,Bacteria,norank,Tenericutes,Mollicutes,Mollicutes_RF9,Mollicutes_RF9,Mollicutes_RF9,uncultured_organism_g__norank_o__Mollicutes_RF9,0
1142,d__Bacteria;_k__norank;_p__Verrucomicrobia;_c__Verrucomicrobiae;_o__Verrucomicrobiales;_f__Verrucomicrobiaceae;_g__Akkermansia;_s__Akkermansia_muciniphila,8,52,303,2,20,23,5,10,16,5,19,3,9,434,4,19,49,7,357,16,14,7,18,15,15,16,1036,3,106,4,18,9,38,9,32,8,382,3,39,63,7,6,15,17,10,48,166,15,8,132,19,7,11,10,1911,19,14,51,12,95,571,11,17,263,17,5,38,33,150,35,43,6,5,4,8,949,63,8,15,1218,18,13,20,18,209,61,33,186,14,1358,578,118,19,952,27,23,45,44,19,23,23,6,1,4,41,13,18,34,4,21,9,7,10,187,10,7,7,5,65,19,4,12,21,3,5,59,90,5,13,3,6,8,20,166,22,40,5,6,6,17,1,3721,12,51,17,4,11,40,95,6,172,6,5,1650,615,11,13,4,3,7,1,148,46,25,13,26,219,19,63,8,104,377,15,34,205,18,57,55,158,272,4,13,20,44,13,93,21,2588,8,12,131,599,11,49,26,11,43,26,8,53,15,11,87,573,513,853,13,11,8,66,2,7,15,11,99,5,12,11,87,13,6,423,8,23,11,66,10,48,191,81,17,20,5,2812,29,9,24,2,1,443,63,25,7,39,12,11,35,5,97,15,6545,18,6,22,157.1468253968254,124.06993006993007,197.18018018018017,-73,Bacteria,norank,Verrucomicrobia,Verrucomicrobiae,Verrucomicrobiales,Verrucomicrobiaceae,Akkermansia,Akkermansia_muciniphila,0
1157,d__Bacteria;_k__norank;_p__Actinobacteria;_c__Actinobacteria;_o__Coriobacteriales;_f__Coriobacteriaceae;_g__Collinsella;_s__Collinsella_aerofaciens,14,11,7,11,6,108,7,6,11,3,2,4,14,6,4,16,9,5,17,16,11,26,3,13,303,4,13,7,7,3,13,4,19,3,11,9,0,6,2,37,21,2,21,30,9,8,32,12,316,35,7,93,24,14,91,11,11,33,27,114,294,18,17,14,133,24,28,15,15,49,11,6,11,7,9,16,18,20,2,1,3,3,3,6,30,7,11,44,3,4,7,4,21,2,2,31,26,5,22,43,3,1,6,8,63,4,17,2,3,1,6,4,5,8,6,4,3,11,8,3,4,23,4,3,7,8,8,16,46,3,11,26,8,6,2,19,5,8,9,12,21,32,7,23,15,6,6,14,4,9,117,7,3,3,10,1,27,16,22,29,253,12,32,34,12,17,12,11,8,44,19,6,65,1094,10,10,9,20,7,30,4,14,12,1,30,3,13,21,5,8,34,1,22,10,14,122,17,15,4,23,8,1,7,113,12,4,23,7,22,7,21,14,25,21,16,49,62,32,69,32,42,50,45,65,30,51,36,24,53,17,24,58,33,35,1350,25,44,23,20,29,6,21,4,12,31,19,14,2,23,14,4,3,11,10,32.78968253968254,21.825174825174827,46.513513513513516,-25,Bacteria,norank,Actinobacteria,Actinobacteria,Coriobacteriales,Coriobacteriaceae,Collinsella,Collinsella_aerofaciens,0
1160,d__Bacteria;_k__norank;_p__Firmicutes;_c__Negativicutes;_o__Selenomonadales;_f__Acidaminococcaceae;_g__Phascolarctobacterium;_s__uncultured_organism_g__Phascolarctobacterium,507,124,457,549,849,83,141,110,29,253,43,155,343,73,531,105,355,127,224,250,464,595,251,190,657,71,135,279,311,46,192,915,299,265,433,214,1396,355,968,173,135,28,102,1247,104,359,53,226,688,516,180,148,284,697,761,330,596,248,884,244,1044,187,134,675,1092,479,163,60,529,103,284,62,121,154,27,122,303,148,170,244,65,171,668,129,1141,625,226,920,444,528,398,317,191,434,530,407,554,211,905,245,144,74,97,56,1329,1406,107,43,43,147,132,116,141,136,82,147,885,93,147,232,431,264,287,65,253,284,1220,2779,156,157,56,153,41,199,234,105,147,89,114,305,734,839,266,205,163,35,220,124,148,86,421,190,237,37,1157,176,191,902,70,46,27,64,940,356,153,115,25,42,2080,122,120,297,100,589,81,62,69,90,418,161,97,64,111,137,47,97,123,482,187,70,124,24,2235,42,662,69,124,97,65,102,141,45,37,71,89,76,1305,106,41,32,32,52,230,732,142,42,143,167,441,763,179,182,322,373,86,304,60,167,86,25,100,34,312,107,36,20,342,168,117,9002,695,275,309,248,230,50,921,312,30,111,23,162,147,191,343.82936507936506,358.68531468531467,321.5405405405405,37,Bacteria,norank,Firmicutes,Negativicutes,Selenomonadales,Acidaminococcaceae,Phascolarctobacterium,uncultured_organism_g__Phascolarctobacterium,1
1162,d__Bacteria;_k__norank;_p__Proteobacteria;_c__Gammaproteobacteria;_o__Pasteurellales;_f__Pasteurellaceae;_g__Haemophilus;_s__unclassified_g__Haemophilus,65,51,41,43,126,5758,73,58,34,56,53,677,40,89,31,48,50,620,51,296,185,15,129,229,28,32,79,23,35,904,108,170,26,33,37,150,43,52,50,26,1536,36,64,82,34,306,44,27,223,33,43,353,137,210,37,53,122,29,35,62,3,36,10,15,91,20,23,26,16,264,135,145,21,8,94,5,3,13,24,39,61,81,255,27,53,32,310,96,17,13,29,39,35,29,18,117,51,28,181,83,23,48,60,786,37,47,50,18,45,52,140,38,126,286,545,26,61,129,30,56,46,62,67,65,65,183,39,497,34,41,658,46,115,44,69,37,79,108,66,34,38,49,34,2400,184,54,27,44,24,30,106,86,18,61,41,14,10,16,44,70,55,11,32,1122,23,37,1659,30,25,49,70,41,157,31,123,61,51,173,32,18,32,42,128,37,87,15,50,42,47,117,34,106,26,56,26,35,82,87,46,140,912,30,88,39,201,135,30,40,105,49,2388,14,329,192,141,645,248,220,62,70,249,52,76,105,54,54,66,27,38,62,35,133,54,23,70,41,144,515,273,73,100,68,307,87,54,73,338,26,34,1923,11,37,2483,106,163.13095238095238,151.78321678321677,198.13513513513513,-47,Bacteria,norank,Proteobacteria,Gammaproteobacteria,Pasteurellales,Pasteurellaceae,Haemophilus,unclassified_g__Haemophilus,0
1181,d__Bacteria;_k__norank;_p__Bacteroidetes;_c__Bacteroidia;_o__Bacteroidales;_f__Rikenellaceae;_g__Alistipes;_s__unclassified_g__Alistipes,45,97,174,120,173,168,267,95,45,83,48,87,72,77,142,321,264,48,48,170,153,111,216,49,139,86,235,633,296,144,92,231,46,195,168,74,140,532,45,87,35,58,285,144,238,439,218,268,70,97,419,139,355,150,694,588,191,309,923,297,104,406,282,515,604,353,189,137,393,366,576,251,136,230,27,309,269,456,133,123,209,73,72,60,127,120,109,177,447,247,113,221,193,177,160,440,163,376,63,85,260,288,75,79,47,219,232,201,178,76,120,70,133,186,116,589,42,139,344,120,279,268,220,181,464,87,473,63,94,176,144,103,125,485,444,50,53,62,437,223,448,257,91,81,328,466,194,211,162,143,245,124,296,45,367,93,139,203,249,718,105,424,447,62,310,245,148,845,353,682,367,296,195,55,182,387,101,71,175,207,273,267,931,344,157,395,188,373,210,258,203,147,240,706,374,614,261,186,190,340,159,321,88,148,74,151,193,295,205,653,79,127,234,117,189,37,228,29,377,336,80,133,595,111,223,545,132,255,157,41,157,201,125,204,39,32,40,13,73,233,225,96,46,80,124,11,18,147,1055,212,113,180,31,305,224.12301587301587,212.34265734265733,238.2882882882883,-26,Bacteria,norank,Bacteroidetes,Bacteroidia,Bacteroidales,Rikenellaceae,Alistipes,unclassified_g__Alistipes,0
1226,d__Bacteria;_k__norank;_p__Firmicutes;_c__Clostridia;_o__Clostridiales;_f__Ruminococcaceae;_g__Faecalibacterium;_s__uncultured_organism_g__Faecalibacterium,470,812,538,376,267,1406,248,241,247,254,511,811,1524,2363,2009,643,326,258,2180,577,2225,33,426,685,805,603,635,282,256,810,786,497,133,1193,355,342,455,2371,149,608,153,249,677,210,1119,686,493,566,720,1096,274,631,590,306,374,880,248,701,1094,941,41,211,296,510,272,1404,3723,779,433,375,638,763,185,263,1421,211,194,304,63,141,639,369,1598,995,210,355,1005,465,283,299,869,317,348,603,202,931,568,407,1378,4225,234,196,541,307,45,207,304,119,132,188,1371,429,333,387,843,101,750,320,338,250,209,409,419,237,675,3255,787,215,331,476,1245,218,1212,342,101,730,233,633,472,563,187,977,97,2133,2063,242,476,434,486,625,481,421,1470,245,1235,697,790,485,1006,954,137,291,351,2250,270,228,639,346,167,373,462,597,853,964,355,698,254,1591,377,493,3401,2969,1399,190,478,1044,182,778,306,1330,322,240,458,985,331,483,698,4325,593,391,1444,1978,313,222,893,1207,491,1116,2119,287,149,3494,1365,664,428,218,452,158,194,367,225,613,559,1444,380,327,704,175,800,294,1651,911,332,1001,220,639,416,1200,4749,174,338,611,140,298,136,101,52,1200,145,1295,44,801,763,117,705.5753968253969,639.3636363636364,786.0900900900901,-147,Bacteria,norank,Firmicutes,Clostridia,Clostridiales,Ruminococcaceae,Faecalibacterium,uncultured_organism_g__Faecalibacterium,0
1237,d__Bacteria;_k__norank;_p__Firmicutes;_c__Clostridia;_o__Clostridiales;_f__Ruminococcaceae;_g__Ruminococcaceae_UCG-014;_s__uncultured_Ruminococcaceae_bacterium_g__Ruminococcaceae_UCG-014,28,10,8,36,1,19,14,59,17,1,14,1,15,8,3,27,23,8,38,31,19,4,1,17,53,30,15,2,3,7,17,8,7,10,1,43,2,14,10,14,3,10,70,10,6,3,134,1,1,3,18,1,1,2,6,17,3,4,3,3,4,0,1,1,2,3,106,0,1,3,3,5,32,4,7,0,2,32,12,2,20,4,8,32,11,11,20,7,5,9,53,18,10,7,6,6,6,12,9,5,20,7,16,1,0,2,22,13,25,0,1,15,1,27,1,0,3,9,1,25,7,1,2,3,2,6,1,1,0,30,9,6,6,13,3,31,11,2,14,6,59,61,4,26,5,24,7,51,8,33,26,76,48,36,11,34,52,9,54,52,54,104,53,6,91,73,39,54,49,121,104,51,88,4,120,86,103,44,85,114,24,84,118,6,46,47,26,19,50,21,25,12,47,47,26,78,47,10,42,42,75,50,49,1,20,38,61,20,45,50,15,1,1,8,8,18,11,26,30,28,13,16,21,16,16,4,21,8,187,7,19,16,84,11,12,6,33,0,0,0,16,64,0,0,35,0,0,0,0,0,0,17,0,0,23.3015873015873,13.167832167832168,35.93693693693694,-22,Bacteria,norank,Firmicutes,Clostridia,Clostridiales,Ruminococcaceae,Ruminococcaceae_UCG-014,uncultured_Ruminococcaceae_bacterium_g__Ruminococcaceae_UCG-014,0
1240,d__Bacteria;_k__norank;_p__Proteobacteria;_c__Betaproteobacteria;_o__Burkholderiales;_f__Alcaligenaceae;_g__Parasutterella;_s__uncultured_organism_g__Parasutterella,150,464,218,755,123,167,455,172,1059,82,347,144,723,526,142,124,957,917,108,227,209,15,161,255,93,209,431,337,151,962,734,131,226,91,119,111,2121,483,775,313,94,30,1091,102,338,138,86,52,124,376,226,487,566,2029,216,529,206,191,613,171,58,227,190,1071,157,181,106,275,322,315,987,404,30,24,87,93,77,62,103,155,126,74,122,180,159,445,200,979,213,999,529,127,142,920,139,164,172,85,320,141,88,261,285,86,40,88,551,71,179,57,235,154,110,362,93,880,57,2111,100,182,517,103,384,67,126,100,43,201,227,574,760,442,145,232,141,196,150,176,216,74,236,79,820,285,503,1098,72,115,1231,587,870,164,144,351,90,170,117,189,707,450,68,168,344,199,277,244,651,992,73,361,104,327,927,195,243,177,440,611,395,120,149,358,489,1220,111,177,298,315,222,544,369,170,1086,225,102,417,66,964,462,626,127,228,2136,120,461,240,305,434,393,141,59,839,505,156,169,367,535,2331,205,620,240,203,442,142,231,484,278,572,146,249,224,242,694,147,129,410,158,624,325,222,2660,231,184,146,824,101,1336,772,157,126,36,94,243,137,366.031746031746,325.95104895104896,414.4954954954955,-89,Bacteria,norank,Proteobacteria,Betaproteobacteria,Burkholderiales,Alcaligenaceae,Parasutterella,uncultured_organism_g__Parasutterella,0
1264,d__Bacteria;_k__norank;_p__Bacteroidetes;_c__Bacteroidia;_o__Bacteroidales;_f__Prevotellaceae;_g__Prevotella_7;_s__uncultured_organism_g__Prevotella_7,0,0,0,0,0,0,0,0,0,0,0,0,0,0,0,0,0,0,0,0,0,0,0,0,0,47,0,0,0,0,0,0,0,0,0,0,0,0,0,0,0,0,0,0,0,0,0,0,0,0,0,0,0,0,0,0,0,0,0,0,0,0,0,0,0,0,0,0,0,0,0,0,0,0,0,0,0,0,0,0,0,0,0,0,0,0,0,0,0,0,0,0,0,0,0,0,0,0,0,0,0,0,0,0,0,0,0,0,0,0,0,0,0,0,0,0,0,0,0,0,0,0,0,0,0,0,1,0,0,0,0,0,0,0,0,0,0,0,0,0,0,0,0,0,0,6,10,1,7,7,6,14,8,5,0,2642,10,2,9,4,0,0,0,0,0,0,0,0,0,0,0,0,0,0,0,0,0,0,46,1,0,1,0,0,0,0,0,0,0,0,0,0,0,0,0,0,0,0,0,1,1,0,0,0,0,54,0,0,0,0,0,0,0,0,0,0,0,0,0,0,0,0,0,0,0,0,0,0,0,0,0,0,0,0,0,0,0,0,0,0,0,0,0,0,0,0,0,0,0,0,0,0,0,0,11.44047619047619,0.3356643356643357,25.54054054054054,-25,Bacteria,norank,Bacteroidetes,Bacteroidia,Bacteroidales,Prevotellaceae,Prevotella_7,uncultured_organism_g__Prevotella_7,0
1265,d__Bacteria;_k__norank;_p__Firmicutes;_c__Clostridia;_o__Clostridiales;_f__Ruminococcaceae;_g__[Eubacterium]_coprostanoligenes_group;_s__gut_metagenome_g__[Eubacterium]_coprostanoligenes_group,0,0,0,0,0,0,0,0,0,0,0,0,0,0,0,0,0,0,0,0,0,0,0,0,0,0,0,0,1,0,0,0,0,0,0,0,0,0,0,0,0,0,0,0,48,0,0,0,0,0,0,2,2,1,3,2,3,1,0,1,0,2,2,2,1,1,0,0,29,2,1,0,0,0,0,0,0,0,0,0,0,0,0,0,0,0,0,0,0,1,0,0,0,0,34,0,0,0,0,0,0,0,5,8,6,5,0,2,2,2,10,11,3,4,2,6,0,0,8,15,5,17,9,70,9,0,6,3,4,1,0,0,0,7,2,0,0,0,0,0,0,1,0,0,2,34,49,51,57,48,49,47,65,50,0,51,69,1281,41,51,104,3,0,0,0,0,0,0,0,0,0,0,0,0,1,0,1,0,1,0,288,0,0,0,261,11,10,12,7,12,16,6,1,8,16,12,8,10,12,15,7,6,11,0,13,11,8,421,6,8,97,0,1,2,1,0,0,0,1,0,0,0,0,0,0,0,0,0,0,0,18,0,0,0,0,0,0,0,0,0,0,0,0,0,0,0,0,0,0,0,0,0,0,0,14.813492063492063,2.5314685314685317,30.36936936936937,-28,Bacteria,norank,Firmicutes,Clostridia,Clostridiales,Ruminococcaceae,[Eubacterium]_coprostanoligenes_group,gut_metagenome_g__[Eubacterium]_coprostanoligenes_group,0
1294,d__Bacteria;_k__norank;_p__Firmicutes;_c__Clostridia;_o__Clostridiales;_f__Ruminococcaceae;_g__Ruminococcus_2;_s__unclassified_g__Ruminococcus_2,137,176,238,242,178,94,208,54,223,128,414,156,468,24,233,38,64,60,29,531,109,27,231,187,89,119,68,496,199,52,3851,431,55,32,362,19,165,29,31,24,11,27,279,40,193,236,75,142,550,178,214,98,60,110,73,177,70,98,127,218,55,228,64,143,784,52,90,299,129,111,89,78,30,29,179,37,54,27,58,96,115,62,87,340,58,134,1300,148,209,114,706,250,318,145,104,177,86,173,299,104,100,69,139,209,36,73,153,68,98,32,59,210,120,403,56,272,46,139,145,730,194,345,81,49,100,83,87,198,112,111,1478,96,190,76,63,288,232,469,74,77,345,90,112,273,115,95,135,76,304,219,120,92,366,183,143,149,134,238,273,180,108,295,136,283,159,273,216,193,137,559,216,370,557,83,102,357,279,412,241,170,335,310,236,68,143,219,177,122,123,313,216,181,68,132,161,460,85,445,298,169,85,293,247,94,244,235,121,305,174,129,66,64,65,68,117,33,44,70,40,100,44,56,82,142,294,294,65,109,92,235,82,82,46,63,93,110,33,11,0,0,44,746,14,16,170,93,58,53,294,123,74,222,340,62,189.88492063492063,202.2027972027972,174.21621621621622,28,Bacteria,norank,Firmicutes,Clostridia,Clostridiales,Ruminococcaceae,Ruminococcus_2,unclassified_g__Ruminococcus_2,1
1305,d__Bacteria;_k__norank;_p__Firmicutes;_c__Clostridia;_o__Clostridiales;_f__Ruminococcaceae;_g__Ruminiclostridium_5;_s__unclassified_g__Ruminiclostridium_5,31,127,54,50,16,51,22,47,52,4,10,124,1,1,56,8,2,1,7,18,6,7,24,52,58,46,3,77,22,5,2,3,5,2,120,73,1,3,2,29,13,1,50,6,8,3,3,35,23,3,6,41,193,41,46,41,34,43,59,64,18,28,29,174,39,30,32,16,721,38,39,17,281,9,30,23,16,20,6,26,19,17,108,17,33,50,13,38,65,25,19,13,147,13,14,12,61,228,71,11,17,7,18,16,2,41,51,22,34,17,158,22,123,34,19,175,18,42,49,30,14,217,20,22,13,494,55,22,19,58,36,1253,44,20,5,38,1,2,84,185,65,244,0,43,38,26,37,105,16,7,26,8,13,5,110,2,21,5,7,15,8,16,71,47,8,294,8,32,32,24,84,20,15,28,6,14,16,6,6,13,12,5,26,25,10,28,7,169,11,16,320,21,51,28,53,33,57,15,14,15,7,10,15,27,15,9,40,18,5,10,60,16,149,41,107,9,121,18,20,37,24,39,33,20,19,162,14,99,18,13,246,19,18,48,21,9,28,4,35,0,9,49,3,4,16,11,6,39,41,20,35,37,15,11,48.92063492063492,58.09090909090909,36.45945945945946,22,Bacteria,norank,Firmicutes,Clostridia,Clostridiales,Ruminococcaceae,Ruminiclostridium_5,unclassified_g__Ruminiclostridium_5,1
